ref,id,lat,lon,along_m,side,road_dist_m,type,floors,width_m,depth_m,wall_height_m,source,osm_way,osm_building
"stage 2 - building 1 - 42.170548, 22.163654",1,42.170548,22.163654,0,L,446.1,flat,1,23.4,21.5,7.0,osm,1317559935,yes
"stage 2 - building 2 - 42.179622, 22.161344",2,42.179622,22.161344,651,L,935.5,flat,1,38.6,25.1,7.0,osm,461413661,yes
"stage 2 - building 3 - 42.180075, 22.161510",3,42.180075,22.161510,652,L,945.6,flat,1,41.0,27.1,7.0,osm,461413665,yes
"stage 2 - building 4 - 42.181937, 22.164215",4,42.181937,22.164215,823,L,887.3,house,2,18.2,13.5,6.2,osm,461413664,yes
"stage 2 - building 5 - 42.182672, 22.163859",5,42.182672,22.163859,825,L,960.1,house,2,24.5,12.2,6.2,osm,461413663,yes
"stage 2 - building 6 - 42.161545, 22.170323",6,42.161545,22.170323,0,R,1008.5,house,2,10.8,6.4,6.2,osm,865068803,yes
"stage 2 - building 7 - 42.161801, 22.170360",7,42.161801,22.170360,0,R,980.5,house,1,7.4,6.2,3.3,osm,865068801,yes
"stage 2 - building 8 - 42.161700, 22.170381",8,42.161700,22.170381,0,R,991.8,house,2,14.8,6.7,6.2,osm,865068802,yes
"stage 2 - building 9 - 42.162292, 22.170460",9,42.162292,22.170460,0,R,927.3,house,2,11.2,8.9,6.2,osm,865068799,yes
"stage 2 - building 10 - 42.161830, 22.170532",10,42.161830,22.170532,0,R,978.9,house,1,13.0,11.1,3.3,osm,865068800,yes
"stage 2 - building 11 - 42.162659, 22.170716",11,42.162659,22.170716,0,R,889.9,house,1,10.2,10.0,3.3,osm,865068798,yes
"stage 2 - building 12 - 42.166030, 22.165714",12,42.166030,22.165714,0,R,575.4,house,1,10.2,6.9,3.3,wc,,
"stage 2 - building 14 - 42.170687, 22.168593",14,42.170687,22.168593,0,L,40.2,house,2,8.5,8.2,6.2,wc,,
"stage 2 - building 15 - 42.170457, 22.168319",15,42.170457,22.168319,0,L,62.2,house,2,11.3,7.6,6.2,wc,,
"stage 2 - building 16 - 42.170778, 22.168437",16,42.170778,22.168437,0,L,55.9,house,1,12.6,7.9,3.3,wc,,
"stage 2 - building 17 - 42.168819, 22.168933",17,42.168819,22.168933,0,R,195.2,house,1,12.9,7.4,3.3,wc,,
"stage 2 - building 18 - 42.170436, 22.167710",18,42.170436,22.167710,0,L,112.2,house,1,11.6,6.6,3.3,wc,,
"stage 2 - building 19 - 42.170955, 22.168009",19,42.170955,22.168009,0,L,96.3,house,1,11.6,8.4,3.3,wc,,
"stage 2 - building 20 - 42.170867, 22.167739",20,42.170867,22.167739,0,L,113.5,house,1,11.7,6.9,3.3,wc,,
"stage 2 - building 21 - 42.170692, 22.167475",21,42.170692,22.167475,0,L,131.2,house,2,9.8,6.8,6.2,wc,,
"stage 2 - building 22 - 42.171086, 22.167605",22,42.171086,22.167605,0,L,132.7,house,2,11.5,8.7,6.2,wc,,
"stage 2 - building 23 - 42.170182, 22.166901",23,42.170182,22.166901,0,L,183.2,house,2,11.9,7.0,6.2,wc,,
"stage 2 - building 24 - 42.170317, 22.166928",24,42.170317,22.166928,0,L,178.0,house,1,11.7,6.9,3.3,wc,,
"stage 2 - building 25 - 42.170349, 22.166746",25,42.170349,22.166746,0,L,192.4,house,1,10.2,8.3,3.3,wc,,
"stage 2 - building 26 - 42.170345, 22.166262",26,42.170345,22.166262,0,L,232.2,house,2,9.6,7.8,6.2,wc,,
"stage 2 - building 27 - 42.170256, 22.165787",27,42.170256,22.165787,0,L,272.3,house,1,9.8,7.6,3.3,wc,,
"stage 2 - building 28 - 42.167183, 22.169571",28,42.167183,22.169571,0,R,379.1,house,1,12.1,7.0,3.3,wc,,
"stage 2 - building 29 - 42.170137, 22.165416",29,42.170137,22.165416,0,L,304.5,house,2,10.3,7.1,6.2,wc,,
"stage 2 - building 30 - 42.167109, 22.169787",30,42.167109,22.169787,0,R,389.7,house,1,9.3,8.5,3.3,wc,,
"stage 2 - building 31 - 42.171592, 22.166262",31,42.171592,22.166262,0,L,256.9,house,2,12.9,6.9,6.2,wc,,
"stage 2 - building 32 - 42.170230, 22.165180",32,42.170230,22.165180,0,L,322.4,house,1,9.2,6.8,3.3,wc,,
"stage 2 - building 33 - 42.170503, 22.165210",33,42.170503,22.165210,0,L,317.7,house,1,8.6,6.7,3.3,wc,,
"stage 2 - building 34 - 42.170695, 22.165312",34,42.170695,22.165312,0,L,309.5,house,2,10.1,6.7,6.2,wc,,
"stage 2 - building 35 - 42.170274, 22.164981",35,42.170274,22.164981,0,L,338.2,house,2,12.3,8.9,6.2,wc,,
"stage 2 - building 36 - 42.170702, 22.165077",36,42.170702,22.165077,0,L,328.9,house,2,9.3,6.6,6.2,wc,,
"stage 2 - building 37 - 42.170244, 22.164694",37,42.170244,22.164694,0,L,362.1,house,1,9.9,8.9,3.3,wc,,
"stage 2 - building 38 - 42.170599, 22.164958",38,42.170599,22.164958,0,L,338.5,house,2,12.8,8.5,6.2,wc,,
"stage 2 - building 39 - 42.170256, 22.164482",39,42.170256,22.164482,0,L,379.4,house,1,10.0,6.7,3.3,wc,,
"stage 2 - building 40 - 42.171229, 22.165096",40,42.171229,22.165096,0,L,335.0,house,2,10.0,7.4,6.2,wc,,
"stage 2 - building 41 - 42.170236, 22.164212",41,42.170236,22.164212,0,L,401.8,house,2,9.1,7.0,6.2,wc,,
"stage 2 - building 42 - 42.171411, 22.165088",42,42.171411,22.165088,0,L,340.6,house,2,12.7,6.8,6.2,wc,,
"stage 2 - building 43 - 42.170066, 22.163979",43,42.170066,22.163979,0,L,423.1,house,1,12.1,7.3,3.3,wc,,
"stage 2 - building 44 - 42.167395, 22.161949",44,42.167395,22.161949,0,L,685.0,house,1,10.4,7.3,3.3,wc,,
"stage 2 - building 45 - 42.171327, 22.164867",45,42.171327,22.164867,0,L,355.9,house,1,9.9,8.1,3.3,wc,,
"stage 2 - building 46 - 42.167569, 22.162018",46,42.167569,22.162018,0,L,670.3,house,1,11.3,7.6,3.3,wc,,
"stage 2 - building 47 - 42.171146, 22.164698",47,42.171146,22.164698,0,L,365.5,house,2,12.9,7.1,6.2,wc,,
"stage 2 - building 48 - 42.167731, 22.162023",48,42.167731,22.162023,0,L,661.1,house,2,9.7,6.6,6.2,wc,,
"stage 2 - building 49 - 42.170990, 22.164451",49,42.170990,22.164451,0,L,383.1,house,2,9.9,8.5,6.2,wc,,
"stage 2 - building 50 - 42.170452, 22.164008",50,42.170452,22.164008,0,L,417.1,house,1,11.2,7.9,3.3,wc,,
"stage 2 - building 51 - 42.170184, 22.163716",51,42.170184,22.163716,0,L,443.1,house,2,11.3,8.2,6.2,wc,,
"stage 2 - building 52 - 42.167625, 22.161791",52,42.167625,22.161791,0,L,683.6,house,1,9.0,8.6,3.3,wc,,
"stage 2 - building 53 - 42.171176, 22.164439",53,42.171176,22.164439,0,L,387.1,house,2,12.5,6.6,6.2,wc,,
"stage 2 - building 54 - 42.170898, 22.164217",54,42.170898,22.164217,0,L,401.3,house,2,12.0,8.5,6.2,wc,,
"stage 2 - building 55 - 42.167799, 22.161843",55,42.167799,22.161843,0,L,670.8,house,1,12.6,8.3,3.3,wc,,
"stage 2 - building 56 - 42.167939, 22.161934",56,42.167939,22.161934,0,L,657.0,house,1,12.9,6.6,3.3,wc,,
"stage 2 - building 57 - 42.170597, 22.163906",57,42.170597,22.163906,0,L,425.3,house,1,9.1,6.5,3.3,wc,,
"stage 2 - building 58 - 42.168456, 22.162292",58,42.168456,22.162292,0,L,606.2,house,2,9.2,7.6,6.2,wc,,
"stage 2 - building 59 - 42.170185, 22.163524",59,42.170185,22.163524,0,L,458.9,house,1,11.3,8.3,3.3,wc,,
"stage 2 - building 60 - 42.171148, 22.164233",60,42.171148,22.164233,0,L,403.4,house,2,9.2,8.1,6.2,wc,,
"stage 2 - building 61 - 42.170993, 22.164080",61,42.170993,22.164080,0,L,413.5,house,1,9.6,7.6,3.3,wc,,
"stage 2 - building 62 - 42.168080, 22.161832",62,42.168080,22.161832,0,L,657.8,house,2,12.9,7.1,6.2,wc,,
"stage 2 - building 63 - 42.168297, 22.161960",63,42.168297,22.161960,0,L,638.3,house,2,12.9,7.8,6.2,wc,,
"stage 2 - building 64 - 42.170720, 22.163748",64,42.170720,22.163748,0,L,438.7,house,2,10.1,7.1,6.2,wc,,
"stage 2 - building 65 - 42.171777, 22.164486",65,42.171777,22.164486,0,L,400.3,house,2,12.7,7.6,6.2,wc,,
"stage 2 - building 66 - 42.168254, 22.161786",66,42.168254,22.161786,0,L,653.4,house,1,10.6,6.6,3.3,wc,,
"stage 2 - building 67 - 42.168806, 22.162166",67,42.168806,22.162166,0,L,602.0,house,1,9.0,8.9,3.3,wc,,
"stage 2 - building 68 - 42.170154, 22.163171",68,42.170154,22.163171,0,L,488.2,house,2,10.8,6.7,6.2,wc,,
"stage 2 - building 69 - 42.168389, 22.161790",69,42.168389,22.161790,0,L,647.3,house,2,12.0,8.7,6.2,wc,,
"stage 2 - building 70 - 42.171686, 22.164124",70,42.171686,22.164124,0,L,425.6,house,2,10.5,7.9,6.2,wc,,
"stage 2 - building 71 - 42.162601, 22.168856",71,42.162601,22.168856,0,R,885.8,house,1,10.6,8.1,3.3,wc,,
"stage 2 - building 72 - 42.170538, 22.163240",72,42.170538,22.163240,0,L,480.3,house,1,11.6,7.3,3.3,wc,,
"stage 2 - building 73 - 42.170078, 22.162770",73,42.170078,22.162770,0,L,522.0,house,1,10.1,8.5,3.3,wc,,
"stage 2 - building 74 - 42.171870, 22.164014",74,42.171870,22.164014,0,L,440.5,house,2,10.8,7.7,6.2,wc,,
"stage 2 - building 75 - 42.170319, 22.162567",75,42.170319,22.162567,0,L,536.7,house,2,10.8,7.9,6.2,wc,,
"stage 2 - building 76 - 42.170157, 22.162422",76,42.170157,22.162422,0,L,549.8,house,1,8.6,6.8,3.3,wc,,
"stage 2 - building 77 - 42.170459, 22.162541",77,42.170459,22.162541,0,L,538.2,house,2,11.6,8.8,6.2,wc,,
"stage 2 - building 78 - 42.170621, 22.162447",78,42.170621,22.162447,0,L,545.8,house,1,10.6,8.6,3.3,wc,,
"stage 2 - building 79 - 42.170061, 22.161936",79,42.170061,22.161936,0,L,590.8,house,2,9.8,7.9,6.2,wc,,
"stage 2 - building 80 - 42.170590, 22.162205",80,42.170590,22.162205,0,L,565.8,house,2,12.1,7.5,6.2,wc,,
"stage 2 - building 81 - 42.162599, 22.169942",81,42.162599,22.169942,0,R,889.0,house,2,11.8,8.6,6.2,wc,,
"stage 2 - building 82 - 42.171505, 22.162305",82,42.171505,22.162305,0,L,567.0,house,1,11.8,8.4,3.3,wc,,
"stage 2 - building 83 - 42.172153, 22.162555",83,42.172153,22.162555,0,L,564.8,house,1,11.6,7.5,3.3,wc,,
"stage 2 - building 84 - 42.171415, 22.161964",84,42.171415,22.161964,0,L,593.0,house,1,10.0,7.3,3.3,wc,,
"stage 2 - building 85 - 42.171538, 22.162053",85,42.171538,22.162053,0,L,588.2,house,1,11.2,6.6,3.3,wc,,
"stage 2 - building 86 - 42.172329, 22.162543",86,42.172329,22.162543,0,L,572.1,house,2,11.9,7.5,6.2,wc,,
"stage 2 - building 87 - 42.171705, 22.161957",87,42.171705,22.161957,0,L,599.5,house,2,11.6,8.0,6.2,wc,,
"stage 2 - building 88 - 42.171980, 22.162026",88,42.171980,22.162026,0,L,601.2,house,1,10.6,8.1,3.3,wc,,
"stage 2 - building 89 - 42.172252, 22.162185",89,42.172252,22.162185,0,L,597.3,house,1,9.9,6.6,3.3,wc,,
"stage 2 - building 90 - 42.171808, 22.161808",90,42.171808,22.161808,0,L,614.0,house,2,9.3,7.7,6.2,wc,,
"stage 2 - building 91 - 42.171537, 22.161534",91,42.171537,22.161534,0,L,630.4,house,2,10.9,8.0,6.2,wc,,
"stage 2 - building 92 - 42.172034, 22.161806",92,42.172034,22.161806,0,L,620.3,house,1,9.8,7.5,3.3,wc,,
"stage 2 - building 93 - 42.169962, 22.159855",93,42.169962,22.159855,0,L,762.9,house,2,11.0,6.8,6.2,wc,,
"stage 2 - building 94 - 42.169513, 22.159413",94,42.169513,22.159413,0,L,805.1,house,1,12.9,7.7,3.3,wc,,
"stage 2 - building 95 - 42.169878, 22.159660",95,42.169878,22.159660,0,L,779.8,house,1,11.6,7.0,3.3,wc,,
"stage 2 - building 96 - 42.169959, 22.159507",96,42.169959,22.159507,0,L,791.6,house,1,12.4,8.4,3.3,wc,,
"stage 2 - building 97 - 42.169813, 22.159390",97,42.169813,22.159390,0,L,802.8,house,2,11.4,8.2,6.2,wc,,
"stage 2 - building 98 - 42.167439, 22.157334",98,42.167439,22.157334,0,L,1028.8,house,1,11.5,7.3,3.3,wc,,
"stage 2 - building 99 - 42.170693, 22.159666",99,42.170693,22.159666,0,L,775.6,house,2,9.7,6.7,6.2,wc,,
"stage 2 - building 100 - 42.169918, 22.159020",100,42.169918,22.159020,0,L,832.0,house,1,9.6,7.6,3.3,wc,,
"stage 2 - building 101 - 42.167645, 22.157299",101,42.167645,22.157299,0,L,1024.0,house,1,10.1,7.0,3.3,wc,,
"stage 2 - building 102 - 42.167385, 22.157081",102,42.167385,22.157081,0,L,1050.5,house,1,12.6,9.0,3.3,wc,,
"stage 2 - building 103 - 42.169826, 22.158884",103,42.169826,22.158884,0,L,844.2,house,2,11.5,7.3,6.2,wc,,
"stage 2 - building 104 - 42.170883, 22.159660",104,42.170883,22.159660,0,L,776.7,house,2,9.5,8.2,6.2,wc,,
"stage 2 - building 105 - 42.167547, 22.157097",105,42.167547,22.157097,0,L,1043.4,house,2,12.1,6.9,6.2,wc,,
"stage 2 - building 106 - 42.167390, 22.156849",106,42.167390,22.156849,0,L,1068.4,house,1,10.4,6.5,3.3,wc,,
"stage 2 - building 107 - 42.167281, 22.156732",107,42.167281,22.156732,0,L,1081.5,house,1,12.1,8.7,3.3,wc,,
"stage 2 - building 108 - 42.167725, 22.157003",108,42.167725,22.157003,0,L,1044.5,house,1,8.7,8.2,3.3,wc,,
"stage 2 - building 109 - 42.167537, 22.156859",109,42.167537,22.156859,0,L,1062.3,house,2,9.5,6.9,6.2,wc,,
"stage 2 - building 110 - 42.170460, 22.159051",110,42.170460,22.159051,0,L,826.4,house,2,12.6,7.6,6.2,wc,,
"stage 2 - building 111 - 42.169804, 22.158557",111,42.169804,22.158557,0,L,871.3,house,2,9.1,7.1,6.2,wc,,
"stage 2 - building 112 - 42.167173, 22.156468",112,42.167173,22.156468,0,L,1106.1,house,1,8.9,6.5,3.3,wc,,
"stage 2 - building 113 - 42.167647, 22.156736",113,42.167647,22.156736,0,L,1068.2,house,1,11.1,8.8,3.3,wc,,
"stage 2 - building 114 - 42.167348, 22.156498",114,42.167348,22.156498,0,L,1097.3,house,1,12.3,8.3,3.3,wc,,
"stage 2 - building 115 - 42.171523, 22.159618",115,42.171523,22.159618,0,L,786.5,house,1,9.1,7.2,3.3,wc,,
"stage 2 - building 116 - 42.169800, 22.158269",116,42.169800,22.158269,0,L,895.0,house,2,10.1,6.7,6.2,wc,,
"stage 2 - building 117 - 42.167822, 22.156743",117,42.167822,22.156743,0,L,1061.8,house,1,9.5,6.7,3.3,wc,,
"stage 2 - building 118 - 42.167576, 22.156496",118,42.167576,22.156496,0,L,1089.4,house,2,9.3,8.4,6.2,wc,,
"stage 2 - building 119 - 42.167472, 22.156377",119,42.167472,22.156377,0,L,1102.3,house,2,8.8,7.4,6.2,wc,,
"stage 2 - building 120 - 42.171939, 22.159646",120,42.171939,22.159646,0,L,791.8,house,2,11.3,8.3,6.2,wc,,
"stage 2 - building 121 - 42.167799, 22.156516",121,42.167799,22.156516,0,L,1080.5,house,2,9.4,8.0,6.2,wc,,
"stage 2 - building 122 - 42.168913, 22.157230",122,42.168913,22.157230,0,L,993.9,house,2,11.8,8.4,6.2,wc,,
"stage 2 - building 123 - 42.169090, 22.157210",123,42.169090,22.157210,0,L,992.1,house,1,11.0,7.2,3.3,wc,,
"stage 2 - building 124 - 42.172337, 22.159623",124,42.172337,22.159623,0,L,803.3,house,2,8.6,8.3,6.2,wc,,
"stage 2 - building 125 - 42.172488, 22.159564",125,42.172488,22.159564,0,L,812.2,house,2,8.7,8.0,6.2,wc,,
"stage 2 - building 126 - 42.170769, 22.158270",126,42.170769,22.158270,0,L,891.0,house,2,11.8,7.1,6.2,wc,,
"stage 2 - building 127 - 42.172689, 22.159658",127,42.172689,22.159658,0,L,810.9,house,2,9.5,6.9,6.2,wc,,
"stage 2 - building 128 - 42.173658, 22.160263",128,42.173658,22.160263,0,L,802.9,house,2,11.4,6.8,6.2,wc,,
"stage 2 - building 129 - 42.170718, 22.158050",129,42.170718,22.158050,0,L,909.0,house,2,11.5,7.6,6.2,wc,,
"stage 2 - building 130 - 42.169526, 22.157089",130,42.169526,22.157089,0,L,995.1,house,2,11.4,7.7,6.2,wc,,
"stage 2 - building 131 - 42.169721, 22.157118",131,42.169721,22.157118,0,L,990.5,house,2,9.1,8.9,6.2,wc,,
"stage 2 - building 132 - 42.170715, 22.157797",132,42.170715,22.157797,0,L,929.9,house,2,12.2,6.6,6.2,wc,,
"stage 2 - building 133 - 42.170162, 22.157226",133,42.170162,22.157226,0,L,978.0,house,2,12.0,8.1,6.2,wc,,
"stage 2 - building 134 - 42.172071, 22.158652",134,42.172071,22.158652,0,L,875.2,house,2,11.0,8.9,6.2,wc,,
"stage 2 - building 135 - 42.169998, 22.157091",135,42.169998,22.157091,0,L,990.2,house,1,12.6,8.5,3.3,wc,,
"stage 2 - building 136 - 42.169729, 22.156873",136,42.169729,22.156873,0,L,1010.5,house,1,11.6,8.6,3.3,wc,,
"stage 2 - building 137 - 42.170694, 22.157582",137,42.170694,22.157582,0,L,947.6,house,2,10.0,7.9,6.2,wc,,
"stage 2 - building 138 - 42.173846, 22.159789",138,42.173846,22.159789,0,L,847.2,house,1,12.3,7.6,3.3,wc,,
"stage 2 - building 139 - 42.169784, 22.156586",139,42.169784,22.156586,0,L,1033.5,house,2,10.9,6.9,6.2,wc,,
"stage 2 - building 140 - 42.170171, 22.156826",140,42.170171,22.156826,0,L,1011.0,house,2,11.6,7.4,6.2,wc,,
"stage 2 - building 141 - 42.169603, 22.156370",141,42.169603,22.156370,0,L,1053.2,house,1,10.3,6.7,3.3,wc,,
"stage 2 - building 142 - 42.170990, 22.157310",142,42.170990,22.157310,0,L,971.2,house,2,9.1,6.6,6.2,wc,,
"stage 2 - building 143 - 42.171132, 22.157362",143,42.171132,22.157362,0,L,967.7,house,2,10.2,8.0,6.2,wc,,
"stage 2 - building 144 - 42.170178, 22.156622",144,42.170178,22.156622,0,L,1027.8,house,1,8.9,8.8,3.3,wc,,
"stage 2 - building 145 - 42.169636, 22.156135",145,42.169636,22.156135,0,L,1072.1,house,2,12.5,7.8,6.2,wc,,
"stage 2 - building 146 - 42.170080, 22.156454",146,42.170080,22.156454,0,L,1042.2,house,1,12.7,7.5,3.3,wc,,
"stage 2 - building 147 - 42.169650, 22.155897",147,42.169650,22.155897,0,L,1091.6,house,2,10.1,6.7,6.2,wc,,
"stage 2 - building 148 - 42.171333, 22.157056",148,42.171333,22.157056,0,L,994.6,house,1,11.8,8.7,3.3,wc,,
"stage 2 - building 149 - 42.171246, 22.156848",149,42.171246,22.156848,0,L,1011.0,house,2,10.5,7.7,6.2,wc,,
"stage 2 - building 150 - 42.169629, 22.155545",150,42.169629,22.155545,0,L,1120.7,house,2,12.0,7.6,6.2,wc,,
"stage 2 - building 151 - 42.169720, 22.155376",151,42.169720,22.155376,0,L,1133.7,house,1,9.4,8.6,3.3,wc,,
"stage 2 - building 152 - 42.169689, 22.155166",152,42.169689,22.155166,0,L,1151.3,house,2,9.2,8.8,6.2,wc,,
"stage 2 - building 153 - 42.169617, 22.155003",153,42.169617,22.155003,0,L,1165.4,house,2,10.4,8.5,6.2,wc,,
"stage 2 - building 154 - 42.169641, 22.154818",154,42.169641,22.154818,0,L,1180.4,house,2,11.3,8.9,6.2,wc,,
"stage 2 - building 155 - 42.174405, 22.156237",155,42.174405,22.156237,0,L,1141.0,house,2,12.4,8.4,6.2,wc,,
"stage 2 - building 156 - 42.174312, 22.156094",156,42.174312,22.156094,0,L,1148.1,house,2,8.5,7.2,6.2,wc,,
"stage 2 - building 157 - 42.174562, 22.156214",157,42.174562,22.156214,0,L,1149.3,house,2,11.3,8.9,6.2,wc,,
"stage 2 - building 158 - 42.174554, 22.156018",158,42.174554,22.156018,0,L,1163.9,house,1,10.2,8.6,3.3,wc,,
"stage 2 - building 159 - 42.174498, 22.155667",159,42.174498,22.155667,0,L,1188.5,house,1,12.3,6.6,3.3,wc,,
"stage 2 - building 160 - 42.174659, 22.155752",160,42.174659,22.155752,0,L,1188.6,house,1,11.6,8.9,3.3,wc,,
"stage 2 - building 161 - 42.171133, 22.167849",161,42.171133,22.167849,6,L,117.2,house,1,10.1,6.9,3.3,wc,,
"stage 2 - building 162 - 42.170868, 22.168607",162,42.170868,22.168607,10,L,48.3,house,1,9.5,8.9,3.3,wc,,
"stage 2 - building 163 - 42.171162, 22.168112",163,42.171162,22.168112,19,L,99.8,house,1,11.5,7.4,3.3,wc,,
"stage 2 - building 164 - 42.170694, 22.169327",164,42.170694,22.169327,22,R,13.0,house,2,12.6,8.6,6.2,wc,,
"stage 2 - building 165 - 42.170526, 22.169767",165,42.170526,22.169767,24,R,53.9,house,2,8.6,8.7,6.2,wc,,
"stage 2 - building 166 - 42.171054, 22.168507",166,42.171054,22.168507,24,L,65.5,house,2,11.6,6.9,6.2,wc,,
"stage 2 - building 167 - 42.171064, 22.168736",167,42.171064,22.168736,35,L,49.6,house,2,10.6,8.3,6.2,wc,,
"stage 2 - building 168 - 42.170730, 22.169714",168,42.170730,22.169714,42,R,39.0,house,2,9.5,7.5,6.2,wc,,
"stage 2 - building 169 - 42.170809, 22.169555",169,42.170809,22.169555,43,R,23.3,house,2,8.9,9.0,6.2,wc,,
"stage 2 - building 170 - 42.170984, 22.169222",170,42.170984,22.169222,46,L,10.1,house,1,9.4,8.5,3.3,wc,,
"stage 2 - building 171 - 42.170577, 22.170438",171,42.170577,22.170438,65,R,98.8,house,2,9.3,8.7,6.2,wc,,
"stage 2 - building 172 - 42.170972, 22.169795",172,42.170972,22.169795,70,R,30.3,house,2,10.8,8.6,6.2,wc,,
"stage 2 - building 173 - 42.170581, 22.170656",173,42.170581,22.170656,70,R,113.6,house,2,9.4,8.6,6.2,wc,,
"stage 2 - building 174 - 42.163250, 22.191736",174,42.163250,22.191736,82,R,2034.3,house,2,9.1,8.8,6.2,wc,,
"stage 2 - building 175 - 42.163148, 22.192176",175,42.163148,22.192176,82,R,2071.9,house,2,12.0,8.5,6.2,wc,,
"stage 2 - building 176 - 42.163312, 22.191973",176,42.163312,22.191973,83,R,2049.0,house,2,9.7,6.6,6.2,wc,,
"stage 2 - building 177 - 42.163603, 22.191855",177,42.163603,22.191855,84,R,2026.5,house,1,11.3,7.8,3.3,wc,,
"stage 2 - building 178 - 42.162172, 22.195947",178,42.162172,22.195947,84,R,2399.9,house,1,10.8,7.4,3.3,wc,,
"stage 2 - building 179 - 42.170611, 22.171411",179,42.170611,22.171411,85,R,167.3,house,1,11.8,8.0,3.3,wc,,
"stage 2 - building 180 - 42.163605, 22.192182",180,42.163605,22.192182,85,R,2050.9,house,1,11.5,7.3,3.3,wc,,
"stage 2 - building 181 - 42.162418, 22.195948",181,42.162418,22.195948,85,R,2388.6,house,1,12.5,6.8,3.3,wc,,
"stage 2 - building 182 - 42.164020, 22.192092",182,42.164020,22.192092,87,R,2025.5,house,2,12.5,7.4,6.2,wc,,
"stage 2 - building 183 - 42.170638, 22.171832",183,42.170638,22.171832,90,R,198.2,house,2,12.6,8.9,6.2,wc,,
"stage 2 - building 184 - 42.171325, 22.169465",184,42.171325,22.169465,91,L,11.6,house,1,8.9,6.8,3.3,wc,,
"stage 2 - building 185 - 42.171222, 22.169947",185,42.171222,22.169947,93,R,29.8,house,2,12.2,7.3,6.2,wc,,
"stage 2 - building 186 - 42.170875, 22.171495",186,42.170875,22.171495,96,R,163.3,house,2,12.7,7.2,6.2,wc,,
"stage 2 - building 187 - 42.171590, 22.168613",187,42.171590,22.168613,98,L,87.7,house,1,9.1,7.9,3.3,wc,,
"stage 2 - building 188 - 42.171357, 22.169916",188,42.171357,22.169916,107,R,22.7,house,2,11.5,6.8,6.2,wc,,
"stage 2 - building 189 - 42.171525, 22.169420",189,42.171525,22.169420,112,L,22.0,house,2,10.1,7.6,6.2,wc,,
"stage 2 - building 190 - 42.171778, 22.168716",190,42.171778,22.168716,122,L,85.9,house,1,10.9,6.7,3.3,wc,,
"stage 2 - building 191 - 42.170804, 22.174647",191,42.170804,22.174647,134,R,415.3,house,2,10.7,8.4,6.2,wc,,
"stage 2 - building 192 - 42.170444, 22.176726",192,42.170444,22.176726,134,R,591.6,house,1,11.1,6.5,3.3,wc,,
"stage 2 - building 193 - 42.170799, 22.175513",193,42.170799,22.175513,135,R,485.3,house,2,11.5,8.1,6.2,wc,,
"stage 2 - building 194 - 42.170858, 22.175261",194,42.170858,22.175261,136,R,463.6,house,2,11.6,7.0,6.2,wc,,
"stage 2 - building 195 - 42.170768, 22.176222",195,42.170768,22.176222,136,R,543.4,house,2,10.0,7.7,6.2,wc,,
"stage 2 - building 196 - 42.170892, 22.176086",196,42.170892,22.176086,137,R,529.9,house,1,10.6,7.9,3.3,wc,,
"stage 2 - building 197 - 42.170945, 22.176786",197,42.170945,22.176786,138,R,586.1,house,1,12.3,8.1,3.3,wc,,
"stage 2 - building 198 - 42.170868, 22.177043",198,42.170868,22.177043,138,R,608.4,house,1,11.7,6.5,3.3,wc,,
"stage 2 - building 199 - 42.171308, 22.173521",199,42.171308,22.173521,139,R,313.5,house,1,8.6,7.0,3.3,wc,,
"stage 2 - building 200 - 42.170969, 22.177309",200,42.170969,22.177309,139,R,628.6,house,2,9.9,8.6,6.2,wc,,
"stage 2 - building 201 - 42.170878, 22.177646",201,42.170878,22.177646,139,R,657.5,house,1,12.0,8.9,3.3,wc,,
"stage 2 - building 202 - 42.170871, 22.177831",202,42.170871,22.177831,139,R,672.8,house,2,11.5,8.3,6.2,wc,,
"stage 2 - building 203 - 42.170961, 22.178315",203,42.170961,22.178315,140,R,711.1,house,2,12.3,7.1,6.2,wc,,
"stage 2 - building 204 - 42.170950, 22.178621",204,42.170950,22.178621,140,R,736.4,house,1,11.5,6.7,3.3,wc,,
"stage 2 - building 205 - 42.171492, 22.173580",205,42.171492,22.173580,144,R,316.1,house,2,9.0,8.0,6.2,wc,,
"stage 2 - building 206 - 42.173562, 22.162275",206,42.173562,22.162275,214,L,642.5,house,1,11.7,7.9,3.3,wc,,
"stage 2 - building 207 - 42.173847, 22.160261",207,42.173847,22.160261,214,L,811.7,house,2,12.4,7.9,6.2,wc,,
"stage 2 - building 208 - 42.172300, 22.171468",208,42.172300,22.171468,239,R,128.1,house,1,11.0,7.9,3.3,wc,,
"stage 2 - building 209 - 42.171857, 22.173809",209,42.171857,22.173809,240,R,327.6,house,1,10.3,7.6,3.3,wc,,
"stage 2 - building 210 - 42.171071, 22.179838",210,42.171071,22.179838,244,R,832.4,house,1,9.0,8.4,3.3,wc,,
"stage 2 - building 211 - 42.171046, 22.180119",211,42.171046,22.180119,244,R,855.7,house,2,9.2,7.7,6.2,wc,,
"stage 2 - building 212 - 42.172055, 22.174008",212,42.172055,22.174008,245,R,338.8,house,1,10.7,8.3,3.3,wc,,
"stage 2 - building 213 - 42.172223, 22.173229",213,42.172223,22.173229,246,R,272.1,house,1,10.0,6.9,3.3,wc,,
"stage 2 - building 214 - 42.172150, 22.173574",214,42.172150,22.173574,246,R,301.7,house,1,11.7,7.9,3.3,wc,,
"stage 2 - building 215 - 42.172166, 22.173780",215,42.172166,22.173780,247,R,318.0,house,2,11.3,7.4,6.2,wc,,
"stage 2 - building 216 - 42.172299, 22.173522",216,42.172299,22.173522,249,R,294.7,house,1,11.9,7.4,3.3,wc,,
"stage 2 - building 217 - 42.172216, 22.174033",217,42.172216,22.174033,249,R,337.8,house,2,10.7,7.6,6.2,wc,,
"stage 2 - building 218 - 42.172343, 22.173318",218,42.172343,22.173318,250,R,277.4,house,1,9.9,7.7,3.3,wc,,
"stage 2 - building 219 - 42.172310, 22.173813",219,42.172310,22.173813,251,R,318.3,house,2,12.2,8.2,6.2,wc,,
"stage 2 - building 220 - 42.172410, 22.173064",220,42.172410,22.173064,253,R,255.6,house,1,8.6,6.9,3.3,wc,,
"stage 2 - building 221 - 42.172595, 22.171372",221,42.172595,22.171372,255,R,114.4,house,2,9.7,7.2,6.2,wc,,
"stage 2 - building 222 - 42.172587, 22.171583",222,42.172587,22.171583,256,R,131.8,house,1,12.5,6.8,3.3,wc,,
"stage 2 - building 223 - 42.172782, 22.170152",223,42.172782,22.170152,263,R,11.7,house,1,9.6,7.5,3.3,wc,,
"stage 2 - building 224 - 42.172851, 22.169710",224,42.172851,22.169710,265,L,25.5,house,1,8.9,8.4,3.3,wc,,
"stage 2 - building 225 - 42.172844, 22.169894",225,42.172844,22.169894,266,L,10.4,house,2,9.5,7.5,6.2,wc,,
"stage 2 - building 226 - 42.173843, 22.163007",226,42.173843,22.163007,270,L,589.8,house,2,11.4,8.6,6.2,wc,,
"stage 2 - building 227 - 42.172499, 22.172821",227,42.172499,22.172821,278,R,234.2,house,1,10.2,8.1,3.3,wc,,
"stage 2 - building 228 - 42.172956, 22.170394",228,42.172956,22.170394,286,R,27.7,house,2,9.8,7.5,6.2,wc,,
"stage 2 - building 229 - 42.174126, 22.162813",229,42.174126,22.162813,286,L,611.7,house,2,11.0,8.1,6.2,wc,,
"stage 2 - building 230 - 42.172496, 22.173434",230,42.172496,22.173434,288,R,283.9,house,1,11.4,8.6,3.3,wc,,
"stage 2 - building 231 - 42.173147, 22.169432",231,42.173147,22.169432,291,L,54.4,house,2,11.5,6.5,6.2,wc,,
"stage 2 - building 232 - 42.174777, 22.159885",232,42.174777,22.159885,299,L,863.2,house,2,9.6,7.3,6.2,wc,,
"stage 2 - building 233 - 42.173058, 22.170546",233,42.173058,22.170546,301,R,37.6,house,1,11.4,8.6,3.3,wc,,
"stage 2 - building 234 - 42.174919, 22.159895",234,42.174919,22.159895,302,L,865.9,house,2,9.9,8.0,6.2,wc,,
"stage 2 - building 235 - 42.176041, 22.154781",235,42.176041,22.154781,306,L,1305.7,house,1,11.4,8.0,3.3,wc,,
"stage 2 - building 236 - 42.173153, 22.170306",236,42.173153,22.170306,307,R,15.9,house,2,9.5,8.4,6.2,wc,,
"stage 2 - building 237 - 42.176215, 22.154765",237,42.176215,22.154765,312,L,1311.8,house,2,12.4,9.0,6.2,wc,,
"stage 2 - building 238 - 42.172429, 22.174301",238,42.172429,22.174301,313,R,355.4,house,1,9.8,8.6,3.3,wc,,
"stage 2 - building 239 - 42.173293, 22.170517",239,42.173293,22.170517,327,R,28.8,house,2,9.0,8.7,6.2,wc,,
"stage 2 - building 240 - 42.176093, 22.160138",240,42.176093,22.160138,342,L,882.6,house,1,9.4,7.5,3.3,wc,,
"stage 2 - building 241 - 42.172672, 22.173535",241,42.172672,22.173535,345,R,287.2,house,2,9.1,8.2,6.2,wc,,
"stage 2 - building 242 - 42.173520, 22.170429",242,42.173520,22.170429,350,R,14.0,house,1,8.7,7.3,3.3,wc,,
"stage 2 - building 243 - 42.172675, 22.173828",243,42.172675,22.173828,354,R,310.0,house,2,9.4,6.7,6.2,wc,,
"stage 2 - building 244 - 42.172604, 22.174315",244,42.172604,22.174315,415,R,349.2,house,2,10.9,7.3,6.2,wc,,
"stage 2 - building 245 - 42.172771, 22.174434",245,42.172771,22.174434,421,R,349.5,house,2,10.2,8.5,6.2,wc,,
"stage 2 - building 246 - 42.172784, 22.174748",246,42.172784,22.174748,423,R,372.5,house,1,9.7,6.7,3.3,wc,,
"stage 2 - building 247 - 42.172680, 22.175221",247,42.172680,22.175221,424,R,412.9,house,1,9.0,6.6,3.3,wc,,
"stage 2 - building 248 - 42.174099, 22.170896",248,42.174099,22.170896,426,R,22.4,house,2,12.4,6.7,6.2,wc,,
"stage 2 - building 249 - 42.172942, 22.174630",249,42.172942,22.174630,427,R,356.5,house,1,12.1,7.5,3.3,wc,,
"stage 2 - building 250 - 42.174507, 22.170986",250,42.174507,22.170986,471,R,9.7,house,1,10.7,8.6,3.3,wc,,
"stage 2 - building 251 - 42.172954, 22.174910",251,42.172954,22.174910,477,R,376.8,house,2,10.8,7.5,6.2,wc,,
"stage 2 - building 252 - 42.174758, 22.170532",252,42.174758,22.170532,478,L,36.6,house,1,8.7,9.0,3.3,wc,,
"stage 2 - building 253 - 42.173133, 22.174640",253,42.173133,22.174640,481,R,347.7,house,1,12.5,6.6,3.3,wc,,
"stage 2 - building 254 - 42.174737, 22.170770",254,42.174737,22.170770,485,L,18.2,house,1,11.2,7.4,3.3,wc,,
"stage 2 - building 255 - 42.174933, 22.170382",255,42.174933,22.170382,489,L,56.8,house,2,11.9,6.5,6.2,wc,,
"stage 2 - building 256 - 42.174869, 22.170675",256,42.174869,22.170675,494,L,32.1,house,1,11.5,8.6,3.3,wc,,
"stage 2 - building 257 - 42.174860, 22.170876",257,42.174860,22.170876,501,L,17.2,house,2,10.1,7.0,6.2,wc,,
"stage 2 - building 258 - 42.175113, 22.170312",258,42.175113,22.170312,502,L,71.5,house,2,10.0,7.9,6.2,wc,,
"stage 2 - building 259 - 42.175007, 22.170617",259,42.175007,22.170617,504,L,43.8,house,1,11.9,9.0,3.3,wc,,
"stage 2 - building 260 - 42.173412, 22.174400",260,42.173412,22.174400,507,R,315.3,house,2,9.7,7.9,6.2,wc,,
"stage 2 - building 261 - 42.171045, 22.180304",261,42.171045,22.180304,515,R,869.1,house,2,11.3,7.9,6.2,wc,,
"stage 2 - building 262 - 42.174671, 22.171755",262,42.174671,22.171755,518,R,56.3,house,2,10.4,7.6,6.2,wc,,
"stage 2 - building 263 - 42.171164, 22.180484",263,42.171164,22.180484,518,R,875.7,house,1,10.8,6.5,3.3,wc,,
"stage 2 - building 264 - 42.171134, 22.180689",264,42.171134,22.180689,518,R,892.2,house,2,10.3,8.5,6.2,wc,,
"stage 2 - building 265 - 42.173229, 22.175736",265,42.173229,22.175736,520,R,421.9,house,1,9.4,6.5,3.3,wc,,
"stage 2 - building 266 - 42.171133, 22.181323",266,42.171133,22.181323,520,R,938.7,house,1,10.3,7.9,3.3,wc,,
"stage 2 - building 267 - 42.175103, 22.170779",267,42.175103,22.170779,524,L,37.3,house,2,12.2,7.4,6.2,wc,,
"stage 2 - building 268 - 42.172528, 22.178414",268,42.172528,22.178414,524,R,655.1,house,2,12.3,7.4,6.2,wc,,
"stage 2 - building 269 - 42.175023, 22.171100",269,42.175023,22.171100,527,L,9.5,house,2,11.6,8.5,6.2,wc,,
"stage 2 - building 270 - 42.173293, 22.176611",270,42.173293,22.176611,530,R,484.5,house,2,12.1,7.8,6.2,wc,,
"stage 2 - building 271 - 42.174200, 22.174071",271,42.174200,22.174071,539,R,252.1,house,2,8.9,7.9,6.2,wc,,
"stage 2 - building 272 - 42.175199, 22.171005",272,42.175199,22.171005,542,L,24.3,house,2,12.1,7.5,6.2,wc,,
"stage 2 - building 273 - 42.174955, 22.171772",273,42.174955,22.171772,542,R,44.5,house,1,11.6,7.9,3.3,wc,,
"stage 2 - building 274 - 42.173430, 22.176683",274,42.173430,22.176683,542,R,484.1,house,2,8.8,7.0,6.2,wc,,
"stage 2 - building 275 - 42.173132, 22.177638",275,42.173132,22.177638,542,R,569.6,house,1,12.5,8.4,3.3,wc,,
"stage 2 - building 276 - 42.173049, 22.177892",276,42.173049,22.177892,542,R,592.5,house,1,10.9,7.0,3.3,wc,,
"stage 2 - building 277 - 42.173232, 22.177773",277,42.173232,22.177773,545,R,575.7,house,2,9.6,7.0,6.2,wc,,
"stage 2 - building 278 - 42.173220, 22.178034",278,42.173220,22.178034,546,R,596.3,house,1,10.0,8.2,3.3,wc,,
"stage 2 - building 279 - 42.173941, 22.175758",279,42.173941,22.175758,547,R,392.2,house,2,10.9,8.9,6.2,wc,,
"stage 2 - building 280 - 42.173561, 22.177563",280,42.173561,22.177563,549,R,546.8,house,2,11.6,8.7,6.2,wc,,
"stage 2 - building 281 - 42.174549, 22.173888",281,42.174549,22.173888,550,R,224.1,house,2,11.6,8.8,6.2,wc,,
"stage 2 - building 282 - 42.174041, 22.176015",282,42.174041,22.176015,550,R,408.5,house,2,8.6,7.8,6.2,wc,,
"stage 2 - building 283 - 42.173505, 22.178129",283,42.173505,22.178129,550,R,593.0,house,2,12.8,7.5,6.2,wc,,
"stage 2 - building 284 - 42.175382, 22.170513",284,42.175382,22.170513,552,L,69.6,house,1,8.9,6.6,3.3,wc,,
"stage 2 - building 285 - 42.175109, 22.171893",285,42.175109,22.171893,556,R,48.3,house,2,10.0,7.9,6.2,wc,,
"stage 2 - building 286 - 42.175182, 22.171608",286,42.175182,22.171608,557,R,23.4,house,1,12.1,7.8,3.3,wc,,
"stage 2 - building 287 - 42.175465, 22.170800",287,42.175465,22.170800,569,L,49.3,house,2,9.8,6.7,6.2,wc,,
"stage 2 - building 288 - 42.175636, 22.171350",288,42.175636,22.171350,600,L,9.5,house,2,12.2,7.7,6.2,wc,,
"stage 2 - building 289 - 42.175660, 22.171719",289,42.175660,22.171719,609,R,19.7,house,2,9.8,8.5,6.2,wc,,
"stage 2 - building 290 - 42.175659, 22.171977",290,42.175659,22.171977,614,R,40.6,house,2,12.3,8.4,6.2,wc,,
"stage 2 - building 291 - 42.175820, 22.171280",291,42.175820,22.171280,619,L,19.4,house,2,12.6,8.0,6.2,wc,,
"stage 2 - building 292 - 42.175919, 22.171749",292,42.175919,22.171749,638,R,15.6,house,1,10.3,6.7,3.3,wc,,
"stage 2 - building 293 - 42.175996, 22.171461",293,42.175996,22.171461,641,L,9.6,house,2,9.0,6.9,6.2,wc,,
"stage 2 - building 294 - 42.178719, 22.160512",294,42.178719,22.160512,648,L,962.6,house,1,11.8,8.9,3.3,wc,,
"stage 2 - building 295 - 42.178806, 22.160221",295,42.178806,22.160221,648,L,988.4,house,1,11.1,7.7,3.3,wc,,
"stage 2 - building 296 - 42.178997, 22.159744",296,42.178997,22.159744,648,L,1032.6,house,2,11.2,7.4,6.2,wc,,
"stage 2 - building 297 - 42.178927, 22.160956",297,42.178927,22.160956,649,L,935.5,house,2,11.7,7.5,6.2,wc,,
"stage 2 - building 298 - 42.178874, 22.160472",298,42.178874,22.160472,649,L,971.2,house,1,11.1,8.2,3.3,wc,,
"stage 2 - building 299 - 42.179053, 22.160496",299,42.179053,22.160496,649,L,976.0,house,1,12.3,8.0,3.3,wc,,
"stage 2 - building 300 - 42.179005, 22.160242",300,42.179005,22.160242,649,L,993.9,house,2,11.0,8.6,6.2,wc,,
"stage 2 - building 301 - 42.179161, 22.160234",301,42.179161,22.160234,649,L,1000.4,house,1,9.7,6.8,3.3,wc,,
"stage 2 - building 302 - 42.179149, 22.160018",302,42.179149,22.160018,649,L,1016.7,house,1,8.7,6.9,3.3,wc,,
"stage 2 - building 303 - 42.179084, 22.161201",303,42.179084,22.161201,650,L,922.7,house,1,11.2,7.7,3.3,wc,,
"stage 2 - building 304 - 42.179264, 22.161221",304,42.179264,22.161221,650,L,928.6,house,1,10.0,7.0,3.3,wc,,
"stage 2 - building 305 - 42.179255, 22.160842",305,42.179255,22.160842,650,L,957.3,house,2,11.3,7.0,6.2,wc,,
"stage 2 - building 306 - 42.179233, 22.160635",306,42.179233,22.160635,650,L,972.3,house,2,9.3,6.9,6.2,wc,,
"stage 2 - building 307 - 42.179425, 22.160617",307,42.179425,22.160617,650,L,981.6,house,1,9.4,7.2,3.3,wc,,
"stage 2 - building 308 - 42.179268, 22.160353",308,42.179268,22.160353,650,L,995.4,house,2,10.1,6.7,6.2,wc,,
"stage 2 - building 309 - 42.179438, 22.160381",309,42.179438,22.160381,650,L,1000.2,house,2,12.3,7.3,6.2,wc,,
"stage 2 - building 310 - 42.179324, 22.160149",310,42.179324,22.160149,650,L,1013.3,house,2,9.3,8.5,6.2,wc,,
"stage 2 - building 311 - 42.179410, 22.161720",311,42.179410,22.161720,651,L,897.3,house,2,11.6,7.7,6.2,wc,,
"stage 2 - building 312 - 42.179508, 22.161544",312,42.179508,22.161544,651,L,915.1,house,2,11.8,8.6,6.2,wc,,
"stage 2 - building 313 - 42.179413, 22.161361",313,42.179413,22.161361,651,L,924.5,house,2,10.1,7.9,6.2,wc,,
"stage 2 - building 314 - 42.179814, 22.160963",314,42.179814,22.160963,651,L,973.0,house,1,10.1,8.4,3.3,wc,,
"stage 2 - building 315 - 42.179696, 22.160849",315,42.179696,22.160849,651,L,976.0,house,1,9.7,7.6,3.3,wc,,
"stage 2 - building 316 - 42.179546, 22.160705",316,42.179546,22.160705,651,L,980.1,house,1,9.1,8.8,3.3,wc,,
"stage 2 - building 317 - 42.179795, 22.160596",317,42.179795,22.160596,651,L,999.6,house,2,9.0,7.3,6.2,wc,,
"stage 2 - building 318 - 42.179594, 22.160456",318,42.179594,22.160456,651,L,1001.1,house,1,10.8,8.4,3.3,wc,,
"stage 2 - building 319 - 42.179725, 22.160249",319,42.179725,22.160249,651,L,1022.6,house,1,8.8,6.8,3.3,wc,,
"stage 2 - building 320 - 42.179637, 22.161719",320,42.179637,22.161719,652,L,908.1,house,2,12.7,7.5,6.2,wc,,
"stage 2 - building 321 - 42.179906, 22.161840",321,42.179906,22.161840,652,L,912.8,house,1,11.7,8.1,3.3,wc,,
"stage 2 - building 322 - 42.179805, 22.161694",322,42.179805,22.161694,652,L,918.3,house,2,10.6,6.8,6.2,wc,,
"stage 2 - building 323 - 42.179789, 22.161450",323,42.179789,22.161450,652,L,935.5,house,1,11.8,6.9,3.3,wc,,
"stage 2 - building 324 - 42.179768, 22.162779",324,42.179768,22.162779,653,L,837.3,house,2,11.8,7.1,6.2,wc,,
"stage 2 - building 325 - 42.179815, 22.162551",325,42.179815,22.162551,653,L,856.2,house,2,12.3,7.2,6.2,wc,,
"stage 2 - building 326 - 42.179910, 22.162419",326,42.179910,22.162419,653,L,871.0,house,1,10.2,8.5,3.3,wc,,
"stage 2 - building 327 - 42.180093, 22.162509",327,42.180093,22.162509,653,L,874.6,house,2,10.3,7.9,6.2,wc,,
"stage 2 - building 328 - 42.179908, 22.162210",328,42.179908,22.162210,653,L,885.9,house,2,11.6,6.6,6.2,wc,,
"stage 2 - building 329 - 42.180054, 22.162304",329,42.180054,22.162304,653,L,887.1,house,2,10.9,8.6,6.2,wc,,
"stage 2 - building 330 - 42.179906, 22.162029",330,42.179906,22.162029,653,L,899.0,house,2,11.6,7.9,6.2,wc,,
"stage 2 - building 331 - 42.180146, 22.162082",331,42.180146,22.162082,653,L,908.1,house,1,11.0,6.7,3.3,wc,,
"stage 2 - building 332 - 42.180069, 22.161835",332,42.180069,22.161835,653,L,921.7,house,2,12.1,8.3,6.2,wc,,
"stage 2 - building 333 - 42.180244, 22.161931",333,42.180244,22.161931,653,L,924.3,house,1,11.5,8.8,3.3,wc,,
"stage 2 - building 334 - 42.180254, 22.161574",334,42.180254,22.161574,653,L,950.5,house,1,9.1,8.9,3.3,wc,,
"stage 2 - building 335 - 42.181168, 22.162159",335,42.181168,22.162159,656,L,964.3,house,1,12.8,7.3,3.3,wc,,
"stage 2 - building 336 - 42.181522, 22.163513",336,42.181522,22.163513,663,L,901.4,house,1,11.3,7.5,3.3,wc,,
"stage 2 - building 337 - 42.181946, 22.163382",337,42.181946,22.163382,666,L,941.0,house,2,9.9,7.6,6.2,wc,,
"stage 2 - building 338 - 42.182050, 22.163499",338,42.182050,22.163499,668,L,942.0,house,2,9.1,8.9,6.2,wc,,
"stage 2 - building 339 - 42.182481, 22.162873",339,42.182481,22.162873,668,L,1012.4,house,1,9.3,6.7,3.3,wc,,
"stage 2 - building 340 - 42.182563, 22.162694",340,42.182563,22.162694,668,L,1029.3,house,1,12.4,8.7,3.3,wc,,
"stage 2 - building 341 - 42.181751, 22.163973",341,42.181751,22.163973,669,L,890.7,house,1,12.1,7.6,3.3,wc,,
"stage 2 - building 342 - 42.176182, 22.172075",342,42.176182,22.172075,688,R,20.0,house,2,12.7,8.4,6.2,wc,,
"stage 2 - building 343 - 42.176359, 22.172244",343,42.176359,22.172244,710,R,16.2,house,2,12.9,8.5,6.2,wc,,
"stage 2 - building 344 - 42.176531, 22.172324",344,42.176531,22.172324,729,R,9.4,house,2,10.2,7.8,6.2,wc,,
"stage 2 - building 345 - 42.176642, 22.172455",345,42.176642,22.172455,745,R,10.7,house,2,10.0,7.4,6.2,wc,,
"stage 2 - building 346 - 42.182309, 22.163170",346,42.182309,22.163170,747,L,981.4,house,1,11.3,8.6,3.3,wc,,
"stage 2 - building 347 - 42.177706, 22.171001",347,42.177706,22.171001,753,L,157.4,house,1,11.8,7.6,3.3,wc,,
"stage 2 - building 348 - 42.174375, 22.176498",348,42.174375,22.176498,766,R,428.0,house,2,11.9,7.9,6.2,wc,,
"stage 2 - building 349 - 42.173652, 22.177802",349,42.173652,22.177802,767,R,562.1,house,2,11.0,7.9,6.2,wc,,
"stage 2 - building 350 - 42.173764, 22.177698",350,42.173764,22.177698,768,R,547.6,house,2,11.9,8.7,6.2,wc,,
"stage 2 - building 351 - 42.177106, 22.172954",351,42.177106,22.172954,810,R,11.6,house,2,11.7,7.4,6.2,wc,,
"stage 2 - building 352 - 42.177297, 22.172679",352,42.177297,22.172679,816,L,19.1,house,2,9.6,8.6,6.2,wc,,
"stage 2 - building 353 - 42.181755, 22.164247",353,42.181755,22.164247,821,L,873.4,house,2,9.2,7.1,6.2,wc,,
"stage 2 - building 354 - 42.177105, 22.173188",354,42.177105,22.173188,822,R,27.7,house,2,9.3,8.8,6.2,wc,,
"stage 2 - building 355 - 42.181713, 22.164459",355,42.181713,22.164459,822,L,856.4,house,2,9.9,7.9,6.2,wc,,
"stage 2 - building 356 - 42.182057, 22.163781",356,42.182057,22.163781,822,L,924.2,house,2,12.4,7.6,6.2,wc,,
"stage 2 - building 357 - 42.181873, 22.164451",357,42.181873,22.164451,823,L,867.3,house,2,12.3,8.1,6.2,wc,,
"stage 2 - building 358 - 42.182396, 22.163619",358,42.182396,22.163619,823,L,957.1,house,2,10.4,7.7,6.2,wc,,
"stage 2 - building 359 - 42.182483, 22.163165",359,42.182483,22.163165,823,L,993.1,house,1,12.8,7.0,3.3,wc,,
"stage 2 - building 360 - 42.182668, 22.163036",360,42.182668,22.163036,823,L,1013.8,house,1,12.2,6.5,3.3,wc,,
"stage 2 - building 361 - 42.181876, 22.164698",361,42.181876,22.164698,824,L,851.1,house,1,11.1,7.3,3.3,wc,,
"stage 2 - building 362 - 42.182071, 22.164440",362,42.182071,22.164440,824,L,881.2,house,1,9.0,6.6,3.3,wc,,
"stage 2 - building 363 - 42.182510, 22.163768",363,42.182510,22.163768,824,L,954.9,house,2,11.4,7.5,6.2,wc,,
"stage 2 - building 364 - 42.182940, 22.162907",364,42.182940,22.162907,824,L,1040.5,house,2,10.0,6.9,6.2,wc,,
"stage 2 - building 365 - 42.182031, 22.164627",365,42.182031,22.164627,825,L,866.3,house,1,9.3,7.9,3.3,wc,,
"stage 2 - building 366 - 42.182431, 22.164024",366,42.182431,22.164024,825,L,932.8,house,1,12.9,6.9,3.3,wc,,
"stage 2 - building 367 - 42.183107, 22.162933",367,42.183107,22.162933,825,L,1050.1,house,1,11.0,8.2,3.3,wc,,
"stage 2 - building 368 - 42.188155, 22.155054",368,42.188155,22.155054,826,L,1908.5,house,1,11.0,9.0,3.3,wc,,
"stage 2 - building 369 - 42.184012, 22.163051",369,42.184012,22.163051,829,L,1107.6,house,2,9.3,8.0,6.2,wc,,
"stage 2 - building 370 - 42.177400, 22.172956",370,42.177400,22.172956,836,L,8.5,house,2,10.2,6.6,6.2,wc,,
"stage 2 - building 371 - 42.171249, 22.182288",371,42.171249,22.182288,975,R,1000.8,house,2,11.8,8.2,6.2,wc,,
"stage 2 - building 372 - 42.171221, 22.182547",372,42.171221,22.182547,976,R,1017.2,house,2,12.4,7.4,6.2,wc,,
"stage 2 - building 373 - 42.171338, 22.183460",373,42.171338,22.183460,978,R,1059.3,house,2,9.7,7.6,6.2,wc,,
"stage 2 - building 374 - 42.172313, 22.183847",374,42.172313,22.183847,988,R,1009.6,house,1,9.9,7.4,3.3,wc,,
"stage 2 - building 375 - 42.172511, 22.183697",375,42.172511,22.183697,989,R,985.9,house,1,9.5,8.2,3.3,wc,,
"stage 2 - building 376 - 42.172755, 22.184447",376,42.172755,22.184447,992,R,1018.1,house,1,12.9,6.7,3.3,wc,,
"stage 2 - building 377 - 42.171082, 22.187579",377,42.171082,22.187579,992,R,1336.5,house,2,9.4,8.8,6.2,wc,,
"stage 2 - building 378 - 42.171531, 22.187465",378,42.171531,22.187465,993,R,1299.9,house,1,9.2,7.1,3.3,wc,,
"stage 2 - building 379 - 42.171327, 22.187506",379,42.171327,22.187506,993,R,1315.7,house,2,9.8,8.2,6.2,wc,,
"stage 2 - building 380 - 42.171426, 22.187710",380,42.171426,22.187710,993,R,1323.2,house,2,9.8,6.8,6.2,wc,,
"stage 2 - building 381 - 42.172772, 22.185534",381,42.172772,22.185534,994,R,1090.6,house,2,9.0,7.2,6.2,wc,,
"stage 2 - building 382 - 42.172697, 22.186010",382,42.172697,22.186010,995,R,1128.0,house,2,12.7,8.4,6.2,wc,,
"stage 2 - building 383 - 42.179351, 22.173678",383,42.179351,22.173678,1098,L,106.3,house,1,8.7,8.1,3.3,wc,,
"stage 2 - building 384 - 42.172875, 22.186249",384,42.172875,22.186249,1230,R,1131.0,house,2,12.8,7.9,6.2,wc,,
"stage 2 - building 385 - 42.174203, 22.186992",385,42.174203,22.186992,1371,R,1076.3,house,2,11.5,8.7,6.2,wc,,
"stage 2 - building 386 - 42.171801, 22.191149",386,42.171801,22.191149,1375,R,1510.4,house,2,11.5,7.5,6.2,wc,,
"stage 2 - building 387 - 42.171797, 22.191571",387,42.171797,22.191571,1377,R,1537.2,house,1,11.2,8.9,3.3,wc,,
"stage 2 - building 388 - 42.163402, 22.205309",388,42.163402,22.205309,1377,R,3005.8,house,1,11.5,7.9,3.3,wc,,
"stage 2 - building 389 - 42.163605, 22.205415",389,42.163605,22.205415,1379,R,2998.2,house,1,10.5,8.7,3.3,wc,,
"stage 2 - building 390 - 42.163518, 22.205558",390,42.163518,22.205558,1379,R,3013.4,house,1,12.5,8.3,3.3,wc,,
"stage 2 - building 391 - 42.165681, 22.203122",391,42.165681,22.203122,1389,R,2706.2,house,2,12.6,7.1,6.2,wc,,
"stage 2 - building 392 - 42.165596, 22.203435",392,42.165596,22.203435,1391,R,2732.3,house,1,11.0,8.8,3.3,wc,,
"stage 2 - building 393 - 42.165832, 22.203232",393,42.165832,22.203232,1392,R,2703.0,house,1,10.3,8.9,3.3,wc,,
"stage 2 - building 394 - 42.166356, 22.203372",394,42.166356,22.203372,1395,R,2676.8,house,1,10.4,8.9,3.3,wc,,
"stage 2 - building 395 - 42.166180, 22.203707",395,42.166180,22.203707,1395,R,2710.7,house,1,9.2,7.7,3.3,wc,,
"stage 2 - building 396 - 42.171851, 22.194161",396,42.171851,22.194161,1396,R,1702.4,house,2,11.9,8.7,6.2,wc,,
"stage 2 - building 397 - 42.167628, 22.202033",397,42.167628,22.202033,1396,R,2504.0,house,1,9.1,7.1,3.3,wc,,
"stage 2 - building 398 - 42.167923, 22.201745",398,42.167923,22.201745,1397,R,2465.6,house,2,8.7,8.1,6.2,wc,,
"stage 2 - building 399 - 42.167799, 22.202130",399,42.167799,22.202130,1397,R,2499.5,house,1,11.7,8.2,3.3,wc,,
"stage 2 - building 400 - 42.172058, 22.194732",400,42.172058,22.194732,1398,R,1727.8,house,1,11.4,8.6,3.3,wc,,
"stage 2 - building 401 - 42.168440, 22.201301",401,42.168440,22.201301,1398,R,2402.5,house,1,8.6,6.6,3.3,wc,,
"stage 2 - building 402 - 42.172139, 22.194887",402,42.172139,22.194887,1399,R,1733.3,house,2,12.1,8.3,6.2,wc,,
"stage 2 - building 403 - 42.165744, 22.207350",403,42.165744,22.207350,1399,R,2983.8,house,1,11.5,8.0,3.3,wc,,
"stage 2 - building 404 - 42.172210, 22.195087",404,42.172210,22.195087,1400,R,1742.6,house,2,11.0,7.9,6.2,wc,,
"stage 2 - building 405 - 42.172210, 22.195317",405,42.172210,22.195317,1400,R,1758.6,house,2,12.7,8.7,6.2,wc,,
"stage 2 - building 406 - 42.178873, 22.181904",406,42.178873,22.181904,1403,R,426.7,house,2,10.5,8.3,6.2,wc,,
"stage 2 - building 407 - 42.178789, 22.182267",407,42.178789,22.182267,1406,R,457.2,house,2,9.6,6.8,6.2,wc,,
"stage 2 - building 408 - 42.178795, 22.182531",408,42.178795,22.182531,1414,R,475.6,house,2,10.8,8.1,6.2,wc,,
"stage 2 - building 409 - 42.179003, 22.182164",409,42.179003,22.182164,1416,R,437.8,house,2,8.8,8.2,6.2,wc,,
"stage 2 - building 410 - 42.178912, 22.182390",410,42.178912,22.182390,1416,R,459.0,house,1,8.7,7.0,3.3,wc,,
"stage 2 - building 411 - 42.178731, 22.182781",411,42.178731,22.182781,1416,R,497.1,house,1,11.1,7.0,3.3,wc,,
"stage 2 - building 412 - 42.178918, 22.182627",412,42.178918,22.182627,1419,R,475.7,house,1,12.8,7.8,3.3,wc,,
"stage 2 - building 413 - 42.178897, 22.182874",413,42.178897,22.182874,1421,R,494.7,house,1,12.1,8.3,3.3,wc,,
"stage 2 - building 414 - 42.179187, 22.183468",414,42.179187,22.183468,1440,R,524.5,house,2,11.9,6.8,6.2,wc,,
"stage 2 - building 415 - 42.177174, 22.187716",415,42.177174,22.187716,1792,R,937.0,house,2,12.4,7.0,6.2,wc,,
"stage 2 - building 416 - 42.172499, 22.196327",416,42.172499,22.196327,1801,R,1806.0,house,2,12.6,7.8,6.2,wc,,
"stage 2 - building 417 - 42.172621, 22.196585",417,42.172621,22.196585,1818,R,1812.4,house,1,8.7,8.8,3.3,wc,,
"stage 2 - building 418 - 42.169822, 22.200768",418,42.169822,22.200768,1820,R,2277.1,house,1,10.2,8.8,3.3,wc,,
"stage 2 - building 419 - 42.172581, 22.196800",419,42.172581,22.196800,1821,R,1828.5,house,2,10.2,7.2,6.2,wc,,
"stage 2 - building 420 - 42.172620, 22.197042",420,42.172620,22.197042,1824,R,1840.3,house,2,11.8,8.9,6.2,wc,,
"stage 2 - building 421 - 42.170267, 22.200650",421,42.170267,22.200650,1824,R,2236.6,house,2,8.7,8.1,6.2,wc,,
"stage 2 - building 422 - 42.170106, 22.200827",422,42.170106,22.200827,1824,R,2259.5,house,2,9.3,8.6,6.2,wc,,
"stage 2 - building 423 - 42.169605, 22.201864",423,42.169605,22.201864,1825,R,2360.3,house,2,12.6,6.5,6.2,wc,,
"stage 2 - building 424 - 42.166010, 22.207325",424,42.166010,22.207325,1825,R,2962.7,house,1,9.7,7.5,3.3,wc,,
"stage 2 - building 425 - 42.165924, 22.207479",425,42.165924,22.207479,1825,R,2978.6,house,1,10.3,8.2,3.3,wc,,
"stage 2 - building 426 - 42.165674, 22.207714",426,42.165674,22.207714,1825,R,3011.5,house,2,8.8,7.9,6.2,wc,,
"stage 2 - building 427 - 42.172569, 22.197545",427,42.172569,22.197545,1826,R,1875.1,house,2,10.8,8.6,6.2,wc,,
"stage 2 - building 428 - 42.172520, 22.197741",428,42.172520,22.197741,1826,R,1890.8,house,1,10.5,6.6,3.3,wc,,
"stage 2 - building 429 - 42.170430, 22.200888",429,42.170430,22.200888,1826,R,2239.3,house,2,12.4,7.1,6.2,wc,,
"stage 2 - building 430 - 42.170316, 22.201029",430,42.170316,22.201029,1826,R,2256.4,house,1,10.3,7.6,3.3,wc,,
"stage 2 - building 431 - 42.170164, 22.201174",431,42.170164,22.201174,1826,R,2276.6,house,1,8.5,6.8,3.3,wc,,
"stage 2 - building 432 - 42.167291, 22.205732",432,42.167291,22.205732,1826,R,2769.9,house,2,12.7,8.5,6.2,wc,,
"stage 2 - building 433 - 42.167123, 22.205909",433,42.167123,22.205909,1826,R,2793.2,house,2,9.9,8.4,6.2,wc,,
"stage 2 - building 434 - 42.166479, 22.206971",434,42.166479,22.206971,1826,R,2906.4,house,2,11.2,7.6,6.2,wc,,
"stage 2 - building 435 - 42.166313, 22.207229",435,42.166313,22.207229,1826,R,2934.5,house,1,11.0,7.3,3.3,wc,,
"stage 2 - building 436 - 42.166192, 22.207456",436,42.166192,22.207456,1826,R,2957.5,house,2,12.9,8.9,6.2,wc,,
"stage 2 - building 437 - 42.165857, 22.207964",437,42.165857,22.207964,1826,R,3013.5,house,2,9.9,8.9,6.2,wc,,
"stage 2 - building 438 - 42.167289, 22.205985",438,42.167289,22.205985,1827,R,2785.8,house,2,11.4,8.6,6.2,wc,,
"stage 2 - building 439 - 42.166824, 22.206717",439,42.166824,22.206717,1827,R,2865.3,house,2,9.2,8.8,6.2,wc,,
"stage 2 - building 440 - 42.166729, 22.206982",440,42.166729,22.206982,1827,R,2888.7,house,2,10.9,6.9,6.2,wc,,
"stage 2 - building 441 - 42.166468, 22.207199",441,42.166468,22.207199,1827,R,2921.3,house,1,12.0,6.6,3.3,wc,,
"stage 2 - building 442 - 42.166305, 22.207663",442,42.166305,22.207663,1827,R,2962.1,house,1,9.1,8.7,3.3,wc,,
"stage 2 - building 443 - 42.166041, 22.207854",443,42.166041,22.207854,1827,R,2993.2,house,1,12.2,8.6,3.3,wc,,
"stage 2 - building 444 - 42.172502, 22.198129",444,42.172502,22.198129,1828,R,1916.3,house,2,9.4,7.4,6.2,wc,,
"stage 2 - building 445 - 42.170055, 22.202142",445,42.170055,22.202142,1828,R,2344.8,house,1,8.8,8.0,3.3,wc,,
"stage 2 - building 446 - 42.169920, 22.202235",446,42.169920,22.202235,1828,R,2360.4,house,1,12.4,8.6,3.3,wc,,
"stage 2 - building 447 - 42.166823, 22.207231",447,42.166823,22.207231,1828,R,2897.5,house,1,11.2,8.9,3.3,wc,,
"stage 2 - building 448 - 42.166649, 22.207342",448,42.166649,22.207342,1828,R,2917.1,house,1,12.4,8.4,3.3,wc,,
"stage 2 - building 449 - 42.172394, 22.198533",449,42.172394,22.198533,1829,R,1949.5,house,1,9.8,6.8,3.3,wc,,
"stage 2 - building 450 - 42.170692, 22.201252",450,42.170692,22.201252,1829,R,2243.0,house,2,10.4,9.0,6.2,wc,,
"stage 2 - building 451 - 42.170546, 22.201394",451,42.170546,22.201394,1829,R,2262.4,house,1,12.5,8.3,3.3,wc,,
"stage 2 - building 452 - 42.170001, 22.202514",452,42.170001,22.202514,1829,R,2372.1,house,2,9.0,8.4,6.2,wc,,
"stage 2 - building 453 - 42.167001, 22.207009",453,42.167001,22.207009,1829,R,2870.7,house,1,9.2,8.2,3.3,wc,,
"stage 2 - building 454 - 42.172400, 22.198874",454,42.172400,22.198874,1830,R,1970.6,house,1,11.8,7.0,3.3,wc,,
"stage 2 - building 455 - 42.170719, 22.201506",455,42.170719,22.201506,1830,R,2257.1,house,1,10.3,7.8,3.3,wc,,
"stage 2 - building 456 - 42.169344, 22.203821",456,42.169344,22.203821,1830,R,2501.7,house,2,9.5,8.8,6.2,wc,,
"stage 2 - building 457 - 42.169160, 22.203936",457,42.169160,22.203936,1830,R,2522.1,house,1,9.0,6.5,3.3,wc,,
"stage 2 - building 458 - 42.167089, 22.207194",458,42.167089,22.207194,1830,R,2876.1,house,1,8.7,7.5,3.3,wc,,
"stage 2 - building 459 - 42.172334, 22.199126",459,42.172334,22.199126,1831,R,1991.2,house,2,10.3,7.2,6.2,wc,,
"stage 2 - building 460 - 42.169282, 22.204079",460,42.169282,22.204079,1831,R,2522.5,house,1,8.9,6.6,3.3,wc,,
"stage 2 - building 461 - 42.169510, 22.203938",461,42.169510,22.203938,1832,R,2497.4,house,2,12.4,8.0,6.2,wc,,
"stage 2 - building 462 - 42.172316, 22.199378",462,42.172316,22.199378,1833,R,2008.5,house,2,11.1,7.8,6.2,wc,,
"stage 2 - building 463 - 42.173226, 22.198233",463,42.173226,22.198233,1839,R,1871.4,house,2,11.7,9.0,6.2,wc,,
"stage 2 - building 464 - 42.169543, 22.204446",464,42.169543,22.204446,1843,R,2527.6,house,2,12.1,8.0,6.2,wc,,
"stage 2 - building 465 - 42.176933, 22.192309",465,42.176933,22.192309,1846,R,1232.1,house,1,12.3,7.8,3.3,wc,,
"stage 2 - building 466 - 42.171262, 22.201747",466,42.171262,22.201747,1846,R,2234.2,house,1,9.7,8.6,3.3,wc,,
"stage 2 - building 467 - 42.169920, 22.203986",467,42.169920,22.203986,1846,R,2471.7,house,2,8.7,8.7,6.2,wc,,
"stage 2 - building 468 - 42.173339, 22.198379",468,42.173339,22.198379,1847,R,1872.9,house,1,12.1,7.1,3.3,wc,,
"stage 2 - building 469 - 42.171230, 22.202007",469,42.171230,22.202007,1848,R,2253.2,house,1,9.6,7.4,3.3,wc,,
"stage 2 - building 470 - 42.171149, 22.202338",470,42.171149,22.202338,1849,R,2280.2,house,1,12.0,8.6,3.3,wc,,
"stage 2 - building 471 - 42.174744, 22.196545",471,42.174744,22.196545,1850,R,1657.2,house,1,8.7,7.8,3.3,wc,,
"stage 2 - building 472 - 42.174652, 22.196706",472,42.174652,22.196706,1850,R,1674.0,house,2,11.8,9.0,6.2,wc,,
"stage 2 - building 473 - 42.174573, 22.196936",473,42.174573,22.196936,1850,R,1694.4,house,2,9.7,8.3,6.2,wc,,
"stage 2 - building 474 - 42.173405, 22.198955",474,42.173405,22.198955,1850,R,1905.7,house,2,12.3,6.6,6.2,wc,,
"stage 2 - building 475 - 42.172982, 22.199567",475,42.172982,22.199567,1850,R,1974.4,house,2,11.7,6.5,6.2,wc,,
"stage 2 - building 476 - 42.172942, 22.199742",476,42.172942,22.199742,1850,R,1988.5,house,1,8.6,6.8,3.3,wc,,
"stage 2 - building 477 - 42.171768, 22.201797",477,42.171768,22.201797,1850,R,2202.6,house,1,8.8,8.0,3.3,wc,,
"stage 2 - building 478 - 42.171312, 22.202288",478,42.171312,22.202288,1850,R,2265.7,house,1,10.3,6.7,3.3,wc,,
"stage 2 - building 479 - 42.174921, 22.196576",479,42.174921,22.196576,1851,R,1647.2,house,2,10.6,6.7,6.2,wc,,
"stage 2 - building 480 - 42.174819, 22.196708",480,42.174819,22.196708,1851,R,1662.8,house,1,8.6,6.8,3.3,wc,,
"stage 2 - building 481 - 42.174474, 22.197300",481,42.174474,22.197300,1851,R,1725.0,house,1,11.3,7.6,3.3,wc,,
"stage 2 - building 482 - 42.173484, 22.199136",482,42.173484,22.199136,1851,R,1912.2,house,2,10.1,8.7,6.2,wc,,
"stage 2 - building 483 - 42.173115, 22.199702",483,42.173115,22.199702,1851,R,1974.2,house,2,12.4,8.1,6.2,wc,,
"stage 2 - building 484 - 42.173020, 22.199933",484,42.173020,22.199933,1851,R,1995.7,house,2,12.8,6.8,6.2,wc,,
"stage 2 - building 485 - 42.172937, 22.200111",485,42.172937,22.200111,1851,R,2013.1,house,1,10.1,8.7,3.3,wc,,
"stage 2 - building 486 - 42.175100, 22.196565",486,42.175100,22.196565,1852,R,1634.5,house,1,10.6,8.0,3.3,wc,,
"stage 2 - building 487 - 42.174835, 22.196903",487,42.174835,22.196903,1852,R,1674.5,house,2,12.8,7.3,6.2,wc,,
"stage 2 - building 488 - 42.174746, 22.197055",488,42.174746,22.197055,1852,R,1690.5,house,2,12.9,8.5,6.2,wc,,
"stage 2 - building 489 - 42.174553, 22.197533",489,42.174553,22.197533,1852,R,1734.9,house,2,9.8,8.4,6.2,wc,,
"stage 2 - building 490 - 42.173227, 22.199822",490,42.173227,22.199822,1852,R,1974.6,house,1,10.3,8.8,3.3,wc,,
"stage 2 - building 491 - 42.173140, 22.200160",491,42.173140,22.200160,1852,R,2002.7,house,2,10.7,7.4,6.2,wc,,
"stage 2 - building 492 - 42.172958, 22.200348",492,42.172958,22.200348,1852,R,2027.2,house,2,12.5,6.9,6.2,wc,,
"stage 2 - building 493 - 42.172876, 22.200533",493,42.172876,22.200533,1852,R,2044.9,house,1,12.9,8.9,3.3,wc,,
"stage 2 - building 494 - 42.171701, 22.202379",494,42.171701,22.202379,1852,R,2245.2,house,1,11.3,6.7,3.3,wc,,
"stage 2 - building 495 - 42.171780, 22.202624",495,42.171780,22.202624,1852,R,2256.1,house,1,10.7,6.8,3.3,wc,,
"stage 2 - building 496 - 42.171598, 22.202595",496,42.171598,22.202595,1852,R,2266.4,house,1,11.7,7.9,3.3,wc,,
"stage 2 - building 497 - 42.175272, 22.196713",497,42.175272,22.196713,1853,R,1633.0,house,2,12.4,7.9,6.2,wc,,
"stage 2 - building 498 - 42.175106, 22.196805",498,42.175106,22.196805,1853,R,1650.0,house,1,9.9,8.0,3.3,wc,,
"stage 2 - building 499 - 42.175021, 22.196960",499,42.175021,22.196960,1853,R,1666.0,house,1,12.1,7.1,3.3,wc,,
"stage 2 - building 500 - 42.175091, 22.197145",500,42.175091,22.197145,1853,R,1673.6,house,1,10.7,6.7,3.3,wc,,
"stage 2 - building 501 - 42.174851, 22.197299",501,42.174851,22.197299,1853,R,1699.6,house,2,11.8,8.1,6.2,wc,,
"stage 2 - building 502 - 42.174735, 22.197415",502,42.174735,22.197415,1853,R,1715.1,house,2,12.6,7.6,6.2,wc,,
"stage 2 - building 503 - 42.174675, 22.197658",503,42.174675,22.197658,1853,R,1735.1,house,1,10.5,7.9,3.3,wc,,
"stage 2 - building 504 - 42.173520, 22.199704",504,42.173520,22.199704,1853,R,1947.2,house,1,10.7,6.6,3.3,wc,,
"stage 2 - building 505 - 42.173572, 22.199928",505,42.173572,22.199928,1853,R,1958.7,house,1,9.7,6.8,3.3,wc,,
"stage 2 - building 506 - 42.173391, 22.199952",506,42.173391,22.199952,1853,R,1972.2,house,2,9.7,8.5,6.2,wc,,
"stage 2 - building 507 - 42.173486, 22.200092",507,42.173486,22.200092,1853,R,1975.4,house,1,10.8,8.0,3.3,wc,,
"stage 2 - building 508 - 42.173289, 22.200217",508,42.173289,22.200217,1853,R,1996.6,house,2,11.9,8.3,6.2,wc,,
"stage 2 - building 509 - 42.173298, 22.200403",509,42.173298,22.200403,1853,R,2008.4,house,1,10.3,8.4,3.3,wc,,
"stage 2 - building 510 - 42.173199, 22.200532",510,42.173199,22.200532,1853,R,2023.5,house,1,9.0,7.3,3.3,wc,,
"stage 2 - building 511 - 42.173065, 22.200461",511,42.173065,22.200461,1853,R,2027.6,house,1,10.4,7.0,3.3,wc,,
"stage 2 - building 512 - 42.173111, 22.200672",512,42.173111,22.200672,1853,R,2038.6,house,1,12.8,7.7,3.3,wc,,
"stage 2 - building 513 - 42.172982, 22.200792",513,42.172982,22.200792,1853,R,2055.1,house,1,9.8,7.9,3.3,wc,,
"stage 2 - building 514 - 42.171787, 22.202843",514,42.171787,22.202843,1853,R,2270.2,house,2,11.1,7.4,6.2,wc,,
"stage 2 - building 515 - 42.176290, 22.195133",515,42.176290,22.195133,1854,R,1461.0,house,1,9.2,7.2,3.3,wc,,
"stage 2 - building 516 - 42.175370, 22.196903",516,42.175370,22.196903,1854,R,1639.4,house,2,10.9,8.0,6.2,wc,,
"stage 2 - building 517 - 42.175303, 22.197062",517,42.175303,22.197062,1854,R,1654.3,house,1,10.8,6.9,3.3,wc,,
"stage 2 - building 518 - 42.175040, 22.197430",518,42.175040,22.197430,1854,R,1696.1,house,2,11.5,6.9,6.2,wc,,
"stage 2 - building 519 - 42.174909, 22.197541",519,42.174909,22.197541,1854,R,1712.0,house,1,11.8,7.8,3.3,wc,,
"stage 2 - building 520 - 42.173769, 22.199945",520,42.173769,22.199945,1854,R,1947.1,house,2,11.9,8.0,6.2,wc,,
"stage 2 - building 521 - 42.173659, 22.200099",521,42.173659,22.200099,1854,R,1964.6,house,1,11.3,7.4,3.3,wc,,
"stage 2 - building 522 - 42.173501, 22.200283",522,42.173501,22.200283,1854,R,1987.2,house,2,10.7,7.2,6.2,wc,,
"stage 2 - building 523 - 42.173427, 22.200681",523,42.173427,22.200681,1854,R,2018.7,house,1,10.7,8.7,3.3,wc,,
"stage 2 - building 524 - 42.173291, 22.200779",524,42.173291,22.200779,1854,R,2034.1,house,2,8.9,8.4,6.2,wc,,
"stage 2 - building 525 - 42.171860, 22.203469",525,42.171860,22.203469,1854,R,2307.2,house,1,10.7,6.8,3.3,wc,,
"stage 2 - building 526 - 42.167349, 22.211820",526,42.167349,22.211820,1854,R,3159.7,house,1,12.6,8.8,3.3,wc,,
"stage 2 - building 527 - 42.175211, 22.197400",527,42.175211,22.197400,1855,R,1683.0,house,1,11.5,7.9,3.3,wc,,
"stage 2 - building 528 - 42.175122, 22.197629",528,42.175122,22.197629,1855,R,1704.2,house,1,12.0,7.4,3.3,wc,,
"stage 2 - building 529 - 42.173781, 22.200224",529,42.173781,22.200224,1855,R,1965.1,house,2,12.2,7.8,6.2,wc,,
"stage 2 - building 530 - 42.173654, 22.200411",530,42.173654,22.200411,1855,R,1986.0,house,2,10.5,7.1,6.2,wc,,
"stage 2 - building 531 - 42.173659, 22.200715",531,42.173659,22.200715,1855,R,2006.2,house,2,10.4,8.4,6.2,wc,,
"stage 2 - building 532 - 42.173504, 22.200931",532,42.173504,22.200931,1855,R,2030.6,house,1,10.9,8.1,3.3,wc,,
"stage 2 - building 533 - 42.171959, 22.203728",533,42.171959,22.203728,1855,R,2318.3,house,2,10.4,6.8,6.2,wc,,
"stage 2 - building 534 - 42.172054, 22.203976",534,42.172054,22.203976,1855,R,2329.1,house,1,12.9,8.8,3.3,wc,,
"stage 2 - building 535 - 42.171858, 22.203975",535,42.171858,22.203975,1855,R,2341.4,house,1,10.9,9.0,3.3,wc,,
"stage 2 - building 536 - 42.171700, 22.204281",536,42.171700,22.204281,1855,R,2372.2,house,2,11.7,8.8,6.2,wc,,
"stage 2 - building 537 - 42.171792, 22.204430",537,42.171792,22.204430,1855,R,2376.4,house,1,12.6,8.8,3.3,wc,,
"stage 2 - building 538 - 42.172042, 22.204699",538,42.172042,22.204699,2001,R,2377.5,house,2,10.0,8.6,6.2,wc,,
"stage 2 - building 539 - 42.176439, 22.197258",539,42.176439,22.197258,2002,R,1592.8,house,2,12.3,7.4,6.2,wc,,
"stage 2 - building 540 - 42.176656, 22.197052",540,42.176656,22.197052,2003,R,1564.8,house,2,10.8,8.3,6.2,wc,,
"stage 2 - building 541 - 42.176475, 22.197529",541,42.176475,22.197529,2003,R,1608.5,house,2,9.6,7.7,6.2,wc,,
"stage 2 - building 542 - 42.176374, 22.197744",542,42.176374,22.197744,2003,R,1629.4,house,2,9.1,7.2,6.2,wc,,
"stage 2 - building 543 - 42.171866, 22.205870",543,42.171866,22.205870,2003,R,2466.7,house,1,8.9,8.6,3.3,wc,,
"stage 2 - building 544 - 42.176758, 22.197185",544,42.176758,22.197185,2004,R,1567.0,house,2,11.8,6.6,6.2,wc,,
"stage 2 - building 545 - 42.176634, 22.197308",545,42.176634,22.197308,2004,R,1583.3,house,2,8.6,8.7,6.2,wc,,
"stage 2 - building 546 - 42.172130, 22.205880",546,42.172130,22.205880,2004,R,2450.1,house,1,11.9,8.5,3.3,wc,,
"stage 2 - building 547 - 42.172043, 22.206022",547,42.172043,22.206022,2004,R,2465.3,house,2,11.7,8.3,6.2,wc,,
"stage 2 - building 548 - 42.176530, 22.197767",548,42.176530,22.197767,2005,R,1620.8,house,2,12.9,8.2,6.2,wc,,
"stage 2 - building 549 - 42.176914, 22.197148",549,42.176914,22.197148,2006,R,1554.4,house,2,8.8,7.2,6.2,wc,,
"stage 2 - building 550 - 42.172125, 22.206235",550,42.172125,22.206235,2006,R,2474.2,house,2,12.9,7.3,6.2,wc,,
"stage 2 - building 551 - 42.176722, 22.197653",551,42.176722,22.197653,2007,R,1600.8,house,1,10.0,7.9,3.3,wc,,
"stage 2 - building 552 - 42.176550, 22.197986",552,42.176550,22.197986,2007,R,1634.2,house,1,12.7,7.7,3.3,wc,,
"stage 2 - building 553 - 42.172154, 22.206500",553,42.172154,22.206500,2008,R,2490.3,house,2,12.4,7.2,6.2,wc,,
"stage 2 - building 554 - 42.176932, 22.197435",554,42.176932,22.197435,2009,R,1572.6,house,2,10.5,7.4,6.2,wc,,
"stage 2 - building 555 - 42.177027, 22.197302",555,42.177027,22.197302,2011,R,1557.6,house,1,11.4,8.2,3.3,wc,,
"stage 2 - building 556 - 42.176898, 22.197637",556,42.176898,22.197637,2014,R,1588.4,house,1,8.5,7.2,3.3,wc,,
"stage 2 - building 557 - 42.176710, 22.197993",557,42.176710,22.197993,2014,R,1624.4,house,2,10.8,9.0,6.2,wc,,
"stage 2 - building 558 - 42.172165, 22.206732",558,42.172165,22.206732,2015,R,2505.2,house,1,9.5,7.2,3.3,wc,,
"stage 2 - building 559 - 42.172122, 22.206953",559,42.172122,22.206953,2020,R,2522.9,house,1,9.0,7.9,3.3,wc,,
"stage 2 - building 560 - 42.176910, 22.197871",560,42.176910,22.197871,2022,R,1603.5,house,2,10.1,6.8,6.2,wc,,
"stage 2 - building 561 - 42.177286, 22.197273",561,42.177286,22.197273,2023,R,1539.1,house,2,12.3,7.6,6.2,wc,,
"stage 2 - building 562 - 42.177162, 22.197562",562,42.177162,22.197562,2024,R,1566.6,house,2,10.8,7.1,6.2,wc,,
"stage 2 - building 563 - 42.176918, 22.198116",563,42.176918,22.198116,2024,R,1619.6,house,2,12.2,8.6,6.2,wc,,
"stage 2 - building 564 - 42.172164, 22.207232",564,42.172164,22.207232,2024,R,2539.1,house,2,9.8,8.9,6.2,wc,,
"stage 2 - building 565 - 42.177107, 22.197776",565,42.177107,22.197776,2025,R,1584.6,house,2,12.1,8.5,6.2,wc,,
"stage 2 - building 566 - 42.177356, 22.197514",566,42.177356,22.197514,2026,R,1551.1,house,2,11.1,7.4,6.2,wc,,
"stage 2 - building 567 - 42.177272, 22.197784",567,42.177272,22.197784,2026,R,1574.8,house,1,8.5,7.3,3.3,wc,,
"stage 2 - building 568 - 42.177102, 22.198020",568,42.177102,22.198020,2026,R,1601.6,house,1,10.7,8.6,3.3,wc,,
"stage 2 - building 569 - 42.177098, 22.198276",569,42.177098,22.198276,2027,R,1619.3,house,2,12.4,7.3,6.2,wc,,
"stage 2 - building 570 - 42.177383, 22.197927",570,42.177383,22.197927,2028,R,1577.8,house,2,8.8,8.2,6.2,wc,,
"stage 2 - building 571 - 42.171399, 22.214367",571,42.171399,22.214367,2044,R,3082.7,house,1,10.3,7.2,3.3,wc,,
"stage 2 - building 572 - 42.171342, 22.215218",572,42.171342,22.215218,2045,R,3146.8,house,2,11.5,8.4,6.2,wc,,
"stage 2 - building 573 - 42.173040, 22.213119",573,42.173040,22.213119,2048,R,2903.9,house,2,10.6,8.1,6.2,wc,,
"stage 2 - building 574 - 42.172930, 22.213426",574,42.172930,22.213426,2048,R,2932.0,house,2,10.8,8.8,6.2,wc,,
"stage 2 - building 575 - 42.173419, 22.212878",575,42.173419,22.212878,2049,R,2866.7,house,2,11.1,7.4,6.2,wc,,
"stage 2 - building 576 - 42.173516, 22.213022",576,42.173516,22.213022,2049,R,2872.2,house,1,12.4,8.0,3.3,wc,,
"stage 2 - building 577 - 42.173201, 22.213038",577,42.173201,22.213038,2049,R,2889.7,house,2,11.3,8.2,6.2,wc,,
"stage 2 - building 578 - 42.173248, 22.213276",578,42.173248,22.213276,2049,R,2904.6,house,2,12.6,8.2,6.2,wc,,
"stage 2 - building 579 - 42.173110, 22.213391",579,42.173110,22.213391,2049,R,2920.1,house,2,10.0,7.7,6.2,wc,,
"stage 2 - building 580 - 42.173040, 22.213615",580,42.173040,22.213615,2049,R,2940.1,house,1,11.6,7.4,3.3,wc,,
"stage 2 - building 581 - 42.173046, 22.213846",581,42.173046,22.213846,2049,R,2956.7,house,2,9.1,8.4,6.2,wc,,
"stage 2 - building 582 - 42.173020, 22.214101",582,42.173020,22.214101,2049,R,2976.7,house,2,9.2,7.6,6.2,wc,,
"stage 2 - building 583 - 42.186001, 22.182846",583,42.186001,22.182846,2134,R,37.1,house,2,13.0,7.6,6.2,wc,,
"stage 2 - building 584 - 42.186102, 22.182725",584,42.186102,22.182725,2143,R,24.1,house,2,12.2,8.9,6.2,wc,,
"stage 2 - building 585 - 42.189699, 22.174055",585,42.189699,22.174055,2167,L,793.2,house,1,10.4,8.0,3.3,wc,,
"stage 2 - building 586 - 42.189871, 22.174034",586,42.189871,22.174034,2169,L,803.8,house,2,9.0,8.2,6.2,wc,,
"stage 2 - building 587 - 42.189995, 22.174144",587,42.189995,22.174144,2174,L,802.7,house,1,13.0,7.6,3.3,wc,,
"stage 2 - building 588 - 42.173674, 22.212883",588,42.173674,22.212883,2294,R,2853.5,house,2,8.7,7.7,6.2,wc,,
"stage 2 - building 589 - 42.173487, 22.213286",589,42.173487,22.213286,2294,R,2892.7,house,2,11.2,7.8,6.2,wc,,
"stage 2 - building 590 - 42.173306, 22.213647",590,42.173306,22.213647,2294,R,2928.7,house,1,12.0,7.1,3.3,wc,,
"stage 2 - building 591 - 42.173328, 22.213871",591,42.173328,22.213871,2294,R,2943.0,house,1,8.6,7.9,3.3,wc,,
"stage 2 - building 592 - 42.173220, 22.214139",592,42.173220,22.214139,2294,R,2968.2,house,1,11.8,7.4,3.3,wc,,
"stage 2 - building 593 - 42.174049, 22.213999",593,42.174049,22.213999,2295,R,2910.9,house,1,11.0,8.2,3.3,wc,,
"stage 2 - building 594 - 42.191599, 22.173106",594,42.191599,22.173106,2383,L,958.6,house,2,12.8,7.7,6.2,wc,,
"stage 2 - building 595 - 42.188783, 22.207442",595,42.188783,22.207442,2945,R,1800.3,house,2,11.6,6.8,6.2,wc,,
"stage 2 - building 596 - 42.188900, 22.207563",596,42.188900,22.207563,2945,R,1807.0,house,1,12.6,8.1,3.3,wc,,
"stage 2 - building 597 - 42.189174, 22.207619",597,42.189174,22.207619,2946,R,1804.8,house,1,10.4,8.8,3.3,wc,,
"stage 2 - building 598 - 42.189416, 22.207859",598,42.189416,22.207859,2947,R,1818.7,house,2,11.9,9.0,6.2,wc,,
"stage 2 - building 599 - 42.189407, 22.208057",599,42.189407,22.208057,2947,R,1835.0,house,1,8.8,6.9,3.3,wc,,
"stage 2 - building 600 - 42.189412, 22.208327",600,42.189412,22.208327,2947,R,1856.7,house,1,12.1,8.8,3.3,wc,,
"stage 2 - building 601 - 42.189408, 22.208530",601,42.189408,22.208530,2947,R,1873.2,house,1,10.8,6.9,3.3,wc,,
"stage 2 - building 602 - 42.189173, 22.210987",602,42.189173,22.210987,2993,R,2077.3,house,1,11.0,8.6,3.3,wc,,
"stage 2 - building 603 - 42.189403, 22.214732",603,42.189403,22.214732,3002,R,2376.1,house,1,11.8,8.2,3.3,wc,,
"stage 2 - building 604 - 42.189893, 22.211550",604,42.189893,22.211550,3003,R,2107.9,house,1,11.0,6.9,3.3,wc,,
"stage 2 - building 605 - 42.190095, 22.211563",605,42.190095,22.211563,3004,R,2105.3,house,1,13.0,8.2,3.3,wc,,
"stage 2 - building 606 - 42.189894, 22.213859",606,42.189894,22.213859,3004,R,2296.1,house,2,9.8,7.7,6.2,wc,,
"stage 2 - building 607 - 42.190307, 22.211698",607,42.190307,22.211698,3005,R,2112.7,house,2,9.3,7.8,6.2,wc,,
"stage 2 - building 608 - 42.190234, 22.212432",608,42.190234,22.212432,3005,R,2173.8,house,1,9.2,8.3,3.3,wc,,
"stage 2 - building 609 - 42.190143, 22.212772",609,42.190143,22.212772,3005,R,2203.1,house,2,11.2,7.3,6.2,wc,,
"stage 2 - building 610 - 42.190085, 22.213165",610,42.190085,22.213165,3005,R,2236.1,house,2,9.4,8.0,6.2,wc,,
"stage 2 - building 611 - 42.190081, 22.213379",611,42.190081,22.213379,3005,R,2253.7,house,2,9.8,8.3,6.2,wc,,
"stage 2 - building 612 - 42.189958, 22.213661",612,42.189958,22.213661,3005,R,2278.8,house,1,12.1,7.0,3.3,wc,,
"stage 2 - building 613 - 42.190333, 22.211921",613,42.190333,22.211921,3006,R,2130.4,house,2,11.7,8.8,6.2,wc,,
"stage 2 - building 614 - 42.201918, 22.204791",614,42.201918,22.204791,3845,R,1420.2,house,1,11.5,7.2,3.3,wc,,
"stage 2 - building 615 - 42.201942, 22.203729",615,42.201942,22.203729,3846,R,1333.2,house,2,10.0,6.9,6.2,wc,,
"stage 2 - building 616 - 42.202134, 22.203830",616,42.202134,22.203830,3846,R,1344.1,house,1,10.5,8.5,3.3,wc,,
"stage 2 - building 617 - 42.202045, 22.204665",617,42.202045,22.204665,3846,R,1411.4,house,2,10.9,8.2,6.2,wc,,
"stage 2 - building 618 - 42.200856, 22.158065",618,42.200856,22.158065,4399,L,2281.6,house,2,11.2,7.7,6.2,wc,,
"stage 2 - building 619 - 42.203642, 22.159155",619,42.203642,22.159155,4793,L,2120.4,house,2,9.4,6.7,6.2,wc,,
"stage 2 - building 620 - 42.210870, 22.184113",620,42.210870,22.184113,5063,R,13.2,house,1,9.8,8.1,3.3,wc,,
"stage 2 - building 621 - 42.211485, 22.184343",621,42.211485,22.184343,5133,R,10.2,house,1,10.5,7.4,3.3,wc,,
"stage 2 - building 622 - 42.211733, 22.184450",622,42.211733,22.184450,5159,R,14.3,house,1,10.3,7.0,3.3,wc,,
"stage 2 - building 623 - 42.213746, 22.175005",623,42.213746,22.175005,5195,L,791.7,house,1,9.9,7.2,3.3,wc,,
"stage 2 - building 624 - 42.213923, 22.174634",624,42.213923,22.174634,5196,L,826.3,house,1,11.3,8.4,3.3,wc,,
"stage 2 - building 625 - 42.213913, 22.175030",625,42.213913,22.175030,5197,L,794.3,house,1,11.5,8.7,3.3,wc,,
"stage 2 - building 626 - 42.214275, 22.179949",626,42.214275,22.179949,5208,L,434.0,house,2,12.7,6.9,6.2,wc,,
"stage 2 - building 627 - 42.214450, 22.180204",627,42.214450,22.180204,5209,L,427.6,house,1,12.1,7.9,3.3,wc,,
"stage 2 - building 628 - 42.224558, 22.163727",628,42.224558,22.163727,5209,L,2191.2,house,2,9.3,8.0,6.2,wc,,
"stage 2 - building 629 - 42.224642, 22.163530",629,42.224642,22.163530,5209,L,2209.7,house,2,10.7,7.1,6.2,wc,,
"stage 2 - building 630 - 42.224525, 22.163379",630,42.224525,22.163379,5209,L,2211.4,house,2,8.9,7.5,6.2,wc,,
"stage 2 - building 631 - 42.224612, 22.163123",631,42.224612,22.163123,5209,L,2233.9,house,2,10.4,7.0,6.2,wc,,
"stage 2 - building 632 - 42.224653, 22.163896",632,42.224653,22.163896,5210,L,2187.0,house,1,10.0,8.4,3.3,wc,,
"stage 2 - building 633 - 42.215981, 22.180433",633,42.215981,22.180433,5404,L,520.8,house,2,9.1,7.7,6.2,wc,,
"stage 2 - building 634 - 42.215988, 22.180214",634,42.215988,22.180214,5404,L,536.7,house,2,9.6,7.2,6.2,wc,,
"stage 2 - building 635 - 42.224805, 22.205645",635,42.224805,22.205645,7535,R,1013.5,house,2,9.1,7.8,6.2,wc,,
"stage 2 - building 636 - 42.224976, 22.205540",636,42.224976,22.205540,7536,R,999.4,house,1,12.7,7.9,3.3,wc,,
"stage 2 - building 637 - 42.224785, 22.206033",637,42.224785,22.206033,7536,R,1044.7,house,2,12.1,6.7,6.2,wc,,
"stage 2 - building 638 - 42.243647, 22.157918",638,42.243647,22.157918,8069,L,3178.9,house,2,9.2,7.3,6.2,wc,,
"stage 2 - building 639 - 42.224893, 22.205895",639,42.224893,22.205895,8427,R,1029.6,house,1,12.0,6.5,3.3,wc,,
"stage 2 - building 640 - 42.224901, 22.206148",640,42.224901,22.206148,8428,R,1044.1,house,2,9.1,6.7,6.2,wc,,
"stage 2 - building 641 - 42.245048, 22.192441",641,42.245048,22.192441,9569,L,878.3,house,1,10.9,8.5,3.3,wc,,
"stage 2 - building 642 - 42.240257, 22.201073",642,42.240257,22.201073,9639,R,17.0,house,2,14,9,6.2,manual,,house
"stage 2 - building 643 - 42.170526, 22.169178",643,42.170526,22.169178,0,R,11.4,house,2,12.4,7.3,6.2,wc,,
